Bird,ABBBS,Cohort,Caughtas,Caught,Gone,Fate,"; 2= ""Some members of cohort still alive""; 3=""Early bird"", 4=""Unknown age""; 6=""OK""",Fledged,Independent,Mum,Mumage,Social,Socialage,Sire,Sireage,epcCode,Sex,Allyoung,Fledged,Independent
543774-MMY,015-43774,1986,Juvenile,16-Apr-87,21-Apr-91,Died,3,1,1,*,*,*,*,*,99,,F,14,8,5
574712-YGR,015-74712,1986,Juvenile,6-Feb-88,7-Jan-90,Unknown,,1,1,*,*,*,*,*,99,,F,0,0,0
543840-ORN,015-43840,1987,Juvenile,4-Feb-88,1-Aug-89,Died,3,1,1,*,*,*,*,*,99,,F,0,0,0
574511-OYG,015-74511,1987,Juvenile,10-May-88,9-Oct-89,Dispersedoutside,,1,1,543772-MBY,1,529309-BBO,2+,*,99,,F,0,0,0
574717-YOO,015-74717,1987,Juvenile,9-Feb-88,18-Jan-89,Died,3,1,1,F00001-unb1,1+,478198-GMR,1+,*,99,,F,5,0,0
574724-YMB,015-74724,1987,Nestling,15-Feb-88,15-Jul-90,Died,3,1,1,543786-RRB,1+,511363-BYM,2+,*,99,,F,4,4,4
574748-NGB,015-74748,1987,Fledgling,25-Feb-88,11-Jun-89,Died,3,1,1,574750-BYN,1+,574775-MMB,1+,*,99,,F,5,3,2
574751-NON,015-74751,1987,Adult,25-Feb-88,5-May-91,Died,3,1,1,*,*,*,*,*,99,,F,13,13,9
574761-MRG,015-74761,1987,Juvenile,11-Mar-88,10-Jul-91,Died,3,1,1,*,*,543785-RBY,1+,*,99,,F,13,6,4
596623-MmyR,015-96623,1988,Nestling,4-Dec-88,15-Oct-89,Unknown,,1,1,*,*,*,*,*,99,*,F,0,0,0
596662-GYN,015-96662,1988,Juvenile,20-Dec-88,24-Mar-91,Died,3,1,1,*,*,*,*,*,99,*,F,11,4,3
596713-YgwB,015-96713,1988,Nestling,10-Jan-89,18-Jan-91,Died,3,1,1,*,*,478198-GMR,2+,*,99,*,F,9,9,4
596748-GNB,015-96748,1988,Adult,3-Feb-89,6-Oct-89,Dispersedoutside,,1,1,*,*,*,*,*,99,*,F,0,0,0
596751-BWM,015-96751,1988,Adult,5-Feb-89,26-Nov-96,Died,6,1,1,*,*,*,*,*,99,*,F,35,23,20
596791-GWY,015-96791,1988,Juvenile,27-Apr-89,10-Jun-90,Died,3,1,1,476409-BRR,3+,543811-OMG,2,*,99,*,F,3,0,0
596801-GWR,015-96801,1988,Adult,29-May-89,12-Aug-94,Died,6,1,1,*,*,*,*,*,99,*,F,16,11,7
596814-MNO,015-96814,1988,Juvenile,7-Jun-89,23-May-93,Died,3,1,1,574507-GMB,2+,476414-BRB,3+,*,99,*,F,3,3,3
626691-GBW,016-26691,1988,Adult,2-Feb-90,10-Feb-97,Died,6,1,1,574800-GRY,2+,574502-GBN,2+,574502-GBN,2+,GBN,F,25,14,7
583809-mGMW,015-83809,1989,Adult,2-Mar-90,25-May-97,Died,6,1,1,*,*,*,*,*,99,*,F,35,29,19
626625-YrwN,016-26625,1989,Nestling,14-Dec-89,7-Oct-96,Died,6,1,1,596867-BOW,1+,433376-WNG,2,*,99,epc,F,8,5,5
626685-WWR,016-26685,1989,Juvenile,23-Jan-90,12-Oct-93,Died,3,1,1,626691-GBW,1,476412-BGR,4+,*,99,epc-amb,F,15,8,6
626707-WYR,016-26707,1989,Adult,15-Feb-90,18-Mar-91,Died,3,1,1,*,*,*,*,*,99,*,F,3,3,3
626709-NBR,016-26709,1989,Adult,26-Feb-90,26-Oct-91,Died,3,1,1,*,*,*,*,*,99,*,F,5,5,4
626712-OWO,016-26712,1989,Adult,27-Feb-90,10-Nov-94,Died,6,1,1,*,*,*,*,*,,*,F,20,4,4
626716-WBR,016-26716,1989,Adult,1-Mar-90,2-Jul-94,Died,6,1,1,*,*,*,*,*,99,*,F,7,4,4
626720-NMM,016-26720,1989,Fledgling,9-Mar-90,10-Oct-91,Died,3,1,1,*,*,*,*,*,99,*,F,1,1,1
626721-NGG,016-26721,1989,Juvenile,17-Mar-90,26-Aug-92,Died,3,1,1,*,*,*,*,*,99,*,F,11,3,2
626734-YYN,016-26734,1989,Adult,6-Jun-90,19-Oct-95,Died,6,1,1,*,*,*,*,*,99,*,F,30,19,15
626736-WRB,016-26736,1989,Adult,8-Jun-90,12-Sep-93,Died,3,1,1,*,*,*,*,*,99,*,F,6,3,2
626741-GYO,016-26741,1989,Adult,24-Aug-90,4-Sep-92,Died,3,1,1,*,*,*,*,*,99,*,F,11,7,3
626746-BNN,016-26746,1989,Adult,3-Sep-90,19-Jul-95,Died,6,1,1,*,*,*,*,*,99,*,F,14,14,9
626748-NRO,016-26748,1989,Adult,7-Sep-90,18-Oct-92,Died,3,1,1,*,*,*,*,*,99,*,F,10,3,2
626757-NWN,016-26757,1989,Adult,27-Oct-90,21-Dec-91,Died,3,1,1,*,*,*,*,*,99,*,F,0,0,0
626902-WBG,016-26902,1989,Adult,12-Mar-91,26-Oct-91,Died,3,1,1,*,*,*,*,*,99,*,F,3,3,0
626908-WMY,016-26908,1989,Adult,31-May-91,6-Jun-93,Died,3,1,1,*,*,*,*,*,99,*,F,11,6,5
626836-WmwN2,016-26836,1990,Nestling,19-Dec-90,18-Jan-91,Died,,1,1,596713-YgwB,2,574747-NRR,4+,681475-MNA,2+,MNA,F,0,0,0
626845-YobY,016-26845,1990,Nestling,27-Dec-90,8-Oct-98,Died,6,1,1,579710-NWO,4+,478193-GNM,4+,478193-GNM,4+,GNM,F,20,14,11
626895-NGY,016-26895,1990,Adult,25-Feb-91,19-Oct-93,Died,3,1,1,*,*,*,*,*,99,*,F,14,12,10
626901-NNY,016-26901,1990,Adult,12-Mar-91,2-Sep-92,Died,3,1,1,*,*,*,*,*,99,*,F,6,0,0
626904-WGN,016-26904,1990,Juvenile,20-Mar-91,10-Dec-94,Died,3,1,1,*,*,*,*,*,99,*,F,14,12,9
626905-NWW,016-26905,1990,Juvenile,2-Apr-91,10-May-98,Died,6,1,1,626685-WWR,1,626657-OOW,1,*,99,epc-amb,F,29,16,8
626910-WRN,016-26910,1990,Adult,16-Aug-91,12-Sep-94,Died,3,1,1,*,*,*,*,*,99,*,F,11,10,8
626911-WRR,016-26911,1990,Adult,17-Aug-91,18-Jan-92,Died,3,1,1,*,*,*,*,*,99,*,F,2,0,0
626916-YWN,016-26916,1990,Adult,29-Aug-91,15-Nov-92,Died,3,1,1,*,*,*,*,*,99,*,F,3,3,3
626917-NGW,016-26917,1990,Adult,5-Sep-91,16-Dec-95,Died,3,1,1,*,*,*,*,*,99,*,F,19,16,11
696465-ARY,016-96465,1990,Adult,4-Feb-92,16-Aug-92,Died,3,1,1,*,*,*,*,*,99,*,F,4,4,4
696483-AYM,016-96483,1990,Adult,19-Feb-92,3-Aug-95,Died,3,1,1,*,*,*,*,*,99,*,F,6,6,6
626929-goBY,016-26929,1991,Nestling,21-Oct-91,22-Nov-92,Died,6,1,1,696679-OGY,2+,696528-YNA,1+,*,99,epc-NS,F,0,0,0
696318-rgBR,016-96318,1991,Nestling,9-Dec-91,28-Nov-92,Died,6,1,1,596762-RYN,4+,696478-nyRW,1+,626946-NWY,1,NWY,F,2,0,0
696365-nyNN,016-96365,1991,Nestling,23-Dec-91,20-Jun-93,Died,6,1,1,596825-MWM,4+,626670-NBN,2,725089-RYR,1+,RYR,F,3,3,3
696376-wgMA,016-96376,1991,Nestling,1-Jan-92,13-Jun-93,Died,6,1,1,626908-WMY,2,574720-YYY,4,596897-WBW,2,WBW,F,3,3,1
696387-brOG,016-96387,1991,Nestling,6-Jan-92,15-Jun-97,Died,6,1,1,696456-GAN,2+,626774-WrgY,1,696526-WAB,1+,WAB,F,25,18,17
696435-nyMM,016-96435,1991,Adult,21-Jan-92,28-Feb-93,Died,6,1,1,*,*,*,*,*,99,*,F,0,0,0
696440-nyRN,016-96440,1991,Nestling,21-Jan-92,5-Jan-96,Died,6,1,1,626734-YYN,2,574504-GRO,5+,626737-NOG,2,NOG,F,23,11,6
696445-wrRG,016-96445,1991,Fledgling,24-Jan-92,4-Jan-97,Died,6,1,1,626905-NWW,1,596761-MBM,3,*,99,epc-amb,F,19,19,17
696453-brRG,016-96453,1991,Nestling,28-Jan-92,16-Aug-94,Died,6,1,1,476408-MMN,6+,490363-OMN,7,433384-YRG,4,YRG,F,15,15,8
696463-wgOB,016-96463,1991,Nestling,2-Feb-92,20-Sep-96,Died,6,1,1,626721-NGG,2,596612-GNW,3,596612-GNW,3,GNW,F,8,4,4
696468-brWG,016-96468,1991,Nestling,4-Feb-92,7-Apr-94,Died,6,1,1,626900-NRW,1+,626928-WOO,2+,596897-WBW,2,WBW,F,8,8,8
696470-AYB,016-96470,1991,Fledgling,4-Feb-92,25-Aug-94,Died,6,1,1,626736-WRB,2,596770-BWR,3,*,99,epc-amb,F,12,8,4
696495-wgNN,016-96495,1991,Fledgling,12-Mar-92,10-Jun-01,Died,6,1,1,574800-GRY,5+,574502-GBN,5+,574502-GBN,5+,GBN,F,39,29,20
696496-wgNO,016-96496,1991,Fledgling,12-Mar-92,8-Jul-95,Died,6,1,1,574800-GRY,5+,574502-GBN,5+,574502-GBN,5+,GBN,F,12,12,10
696499-AOM,016-96499,1991,Adult,28-Jul-92,17-Dec-95,Died,6,1,1,*,*,*,*,*,99,*,F,15,13,11
696500-AGB,016-96500,1991,Juvenile,30-Jul-92,20-May-95,Died,6,1,1,*,*,*,*,*,99,*,F,16,11,10
696516-BAM,016-96516,1991,Adult,28-Aug-92,17-Jan-94,Died,6,1,1,*,*,*,*,*,99,*,F,10,6,3
696519-brWW,016-96519,1991,Juvenile,28-Aug-92,23-Jun-94,Died,6,1,1,696493-BOW2,1+,626923-BWN,3+,*,99,epc-amb,F,0,0,0
696520-OBA,016-96520,1991,Adult,9-Sep-92,6-Nov-94,Died,6,1,1,*,*,*,*,*,99,*,F,10,3,1
696532-WWO,016-96532,1991,Adult,24-Sep-92,3-Feb-94,Died,6,1,1,*,*,*,*,*,99,*,F,12,4,3
696558-NRA,016-96558,1991,Adult,23-Oct-92,8-Dec-95,Died,6,1,1,*,*,*,*,*,99,*,F,12,10,7
696562-RWY,016-96562,1991,Adult,23-Oct-92,8-Nov-93,Died,6,1,1,*,*,*,*,*,99,*,F,7,3,0
696563-WWN,016-96563,1991,Adult,23-Oct-92,14-Jan-96,Died,6,1,1,*,*,*,*,*,99,*,F,14,4,2
696566-BYG,016-96566,1991,Adult,27-Oct-92,22-Mar-94,Died,6,1,1,*,*,*,*,*,99,*,F,3,3,2
696580-OOO,016-96580,1991,Adult,4-Nov-92,3-Jan-95,Died,6,1,1,*,*,*,*,*,99,*,F,11,9,3
696678-NOY,016-96678,1991,Adult,6-Jan-93,10-Jan-95,Died,6,1,1,*,*,*,*,*,99,*,F,10,9,9
696687-OMM,016-96687,1991,Adult,7-Jan-93,19-Sep-93,Died,6,1,1,*,*,*,*,*,99,*,F,0,0,0
725036-MOO,017-25036,1991,Adult,13-Jan-93,19-Jul-94,Died,6,1,1,*,*,*,*,*,99,*,F,11,11,7
725039-GGG,017-25039,1991,Adult,13-Jan-93,15-Nov-93,Died,6,1,1,*,*,*,*,*,99,*,F,0,0,0
696601-brYY,016-96601,1992,Nestling,14-Dec-92,27-Jun-94,Died,6,1,1,696496-wgNO,1,696407-BMW,2+,*,99,epc-NS,F,3,3,2
696651-grBY,016-96651,1992,Nestling,26-Dec-92,11-May-95,Died,6,1,1,696516-BAM,1,626923-BWN,4+,626923-BWN,4+,BWN,F,6,6,3
696692-ynYY,016-96692,1992,Nestling,8-Jan-93,19-Jul-94,Unknown,,1,1,696413-WBN,2+,575472-NNN,4,*,99,epc-amb,F,3,3,1
725028-rwWR,017-25028,1992,Nestling,11-Jan-93,16-Nov-97,Died,6,1,1,574741-BRN,6+,626849-WYB,2,433384-YRG,5,YRG,F,22,16,7
725058-AWB,017-25058,1992,Fledgling,14-Jan-93,1-Aug-94,Died,6,1,1,*,*,*,*,*,99,*,F,2,2,2
725075-ynOM,017-25075,1992,Nestling,19-Jan-93,23-May-94,Died,6,1,1,626625-YrwN,3,579708-AOG,4,725380-GWY,1+,GWY,F,0,0,0
725076-ynNY,017-25076,1992,Nestling,19-Jan-93,20-Aug-94,Unknown,,1,1,626625-YrwN,3,579708-AOG,4,725380-GWY,1+,GWY,F,1,1,1
725157-ARR,017-25157,1992,Fledgling,2-Mar-93,16-Nov-95,Died,6,1,1,596664-BBN,5+,433384-YRG,5,596754-NRY,4,NRY,F,6,0,0
725161-ynAY,017-25161,1992,Nestling,9-Mar-93,29-Nov-93,Died,6,1,1,596785-MYM,6+,596688-OynB,4,626921-GYM,5+,GYM,F,0,0,0
725171-GOW,017-25171,1992,Juvenile,27-Apr-93,5-Sep-95,Died,6,1,1,*,*,*,*,*,99,*,F,8,8,5
725173-GBB2,017-25173,1992,Juvenile,27-Apr-93,10-Sep-93,Died,6,1,1,*,*,*,*,*,99,*,F,0,0,0
725176-OBR,017-25176,1992,Juvenile,17-Jun-93,10-Nov-96,Died,6,1,1,*,*,*,*,696530-ManO,2+,ManO,F,11,11,7
725185-BRB,017-25185,1992,Juvenile,22-Jul-93,9-Sep-94,Died,6,1,1,*,*,*,*,*,99,*,F,0,0,0
725187-MGG,017-25187,1992,Adult,27-Jul-93,13-Oct-93,Died,6,1,1,*,*,*,*,*,99,*,F,0,0,0
725197-GOY,017-25197,1992,Juvenile,11-Aug-93,17-Jul-97,Died,6,1,1,*,*,*,*,*,99,*,F,15,15,12
725198-BGO,017-25198,1992,Juvenile,18-Aug-93,15-Jun-94,Died,6,1,1,*,*,*,*,*,99,*,F,4,4,3
725205-ROY,017-25205,1992,Juvenile,9-Sep-93,1-Jan-98,Died,6,1,1,*,*,*,*,*,99,*,F,15,13,10
725207-YNO,017-25207,1992,Juvenile,10-Sep-93,27-Jun-95,Died,6,1,1,*,*,*,*,*,99,*,F,6,6,6
725208-WGW,017-25208,1992,Juvenile,10-Sep-93,25-Nov-93,Died,6,1,1,*,*,*,*,*,99,*,F,0,0,0
725215-BRA,017-25215,1992,Adult,15-Oct-93,14-Oct-98,Died,6,1,1,*,*,*,*,*,99,*,F,22,19,10
725217-MYW,017-25217,1992,Adult,15-Oct-93,6-Mar-96,Died,6,1,1,*,*,*,*,*,99,*,F,13,9,6
725219-BAG,017-25219,1992,Adult,22-Oct-93,16-Dec-93,Died,6,1,1,*,*,*,*,*,99,*,F,1,1,0
725229-WYN,017-25229,1992,Adult,27-Oct-93,17-Dec-94,Died,6,1,1,*,*,*,*,*,99,*,F,8,2,2
725252-GYR,017-25252,1992,Adult,5-Nov-93,8-Dec-94,Died,6,1,1,*,*,*,*,*,99,*,F,3,3,3
725253-MWR,017-25253,1992,Adult,5-Nov-93,29-Oct-94,Died,6,1,1,*,*,*,*,696531-RwbY,1,RwbY,F,3,0,0
725267-YMY,017-25267,1992,Adult,9-Nov-93,16-Dec-93,Died,6,1,1,*,*,*,*,*,99,*,F,0,0,0
725280-BOR,017-25280,1992,Adult,11-Nov-93,16-Nov-96,Died,6,1,1,*,*,*,*,*,99,*,F,10,10,7
725295-RYM,017-25295,1992,Adult,17-Nov-93,5-Jan-95,Died,6,1,1,*,*,*,*,*,99,*,F,2,2,2
725333-GOB,017-25333,1992,Adult,29-Nov-93,19-Jul-95,Died,6,1,1,*,*,*,*,*,99,,F,6,2,2
725371-YBN,017-25371,1992,Adult,8-Dec-93,27-Dec-94,Died,6,1,1,*,*,*,*,*,99,*,F,0,0,0
725379-BOY,017-25379,1992,Adult,12-Dec-93,25-Dec-97,Died,6,1,1,*,*,*,*,*,99,*,F,21,20,12
725488-BYB,017-25488,1992,Adult,4-Jan-94,23-May-94,Died,6,1,1,*,*,*,*,*,99,*,F,3,3,3
725391-AwbN,017-25391,1993,Nestling,15-Dec-93,22-Mar-00,Died,6,1,1,725252-GYR,1,478218-GRB,7+,478218-GRB,7+,GRB,F,22,18,12
725416-GrnO,017-25416,1993,Nestling,21-Dec-93,20-Jul-98,Died,6,1,1,626919-BNB,3+,626918-ORW,4+,626918-ORW,4+,ORW,F,17,11,7
725421-OrgR,017-25421,1993,Nestling,27-Dec-93,14-Sep-95,Died,6,1,1,626713-NWR,4+,626852-NMW,3,433376-WNG,6,WNG,F,0,0,0
725452-GwgN,017-25452,1993,Nestling,31-Dec-93,21-Jan-99,Died,6,1,1,696520-OBA,2,626648-BrwO,4,626648-BrwO,4,BrwO,F,23,14,6
725464-ArgM,017-25464,1993,Nestling,3-Jan-94,15-Feb-96,Died,6,1,1,696468-brWG,2,574793-ROR,6,696627-gwOB,1,gwOB,F,3,3,3
725501-MrnR,017-25501,1993,Nestling,7-Jan-94,14-Oct-96,Died,6,1,1,696483-AYM,3,574714-YRRcs,3+,696521-AOY,3+,AOY,F,8,5,0
725508-OynA,017-25508,1993,Nestling,7-Jan-94,30-Oct-95,Died,6,1,1,696558-NRA,2,696509-GAY,3+,696510-RRN,4+,RRN,F,3,0,0
725509-NynO,017-25509,1993,Nestling,7-Jan-94,4-May-97,Died,6,1,1,696558-NRA,2,696509-GAY,3+,696509-GAY,3+,GAY,F,16,2,2
725520-AynR,017-25520,1993,Nestling,10-Jan-94,24-Oct-95,Died,6,1,1,626734-YYN,4,574504-GRO,7+,596877-MnyW,4,MnyW,F,0,0,0
725521-OynM,017-25521,1993,Nestling,10-Jan-94,11-May-95,Died,6,1,1,626734-YYN,4,574504-GRO,7+,596877-MnyW,4,MnyW,F,1,0,0
725539-GOM,017-25539,1993,Adult,19-Jan-94,13-Jan-95,Died,6,1,1,*,*,*,*,*,99,,F,3,0,0
725545-NynY,017-25545,1993,Nestling,21-Jan-94,8-Oct-98,Died,6,1,1,626904-WGN,3,626849-WYB,3,626922-NNB,3,NNB,F,27,19,12
725549-YarO,017-25549,1993,Nestling,21-Jan-94,16-Jan-95,Died,6,1,1,696387-brOG,2,596738-YYW,2,696503-WYG,2,WYG,F,3,3,2
725562-MarA,017-25562,1993,Nestling,31-Jan-94,9-Jan-96,Died,6,1,1,696527-YAG,2+,574729-YMO,6,574729-YMO,6,YMO,F,2,2,2
725570-RBW,017-25570,1993,Juvenile,10-Mar-94,16-Nov-95,Died,6,1,1,626845-YobY,3,696588-bwGO,1,596765-GNB,5,GNB,F,2,0,0
725573-RBM,017-25573,1993,Juvenile,16-Mar-94,28-Feb-97,Died,6,1,1,*,*,*,*,*,99,,F,12,11,9
725574-MOB,017-25574,1993,Fledgling,20-Feb-94,15-Jul-95,Died,6,1,1,*,,*,,*,,*,F,0,0,0
725578-RYB,017-25578,1993,Juvenile,25-May-94,16-Aug-95,Died,6,1,1,*,*,*,*,*,99,,F,3,0,0
725579-YGG,017-25579,1993,Juvenile,30-May-94,18-Nov-97,Died,6,1,1,*,*,*,*,*,99,,F,22,16,7
725580-BOO,017-25580,1993,Juvenile,6-Jun-94,20-Oct-95,Died,6,1,1,*,*,*,*,*,99,,F,3,3,1
725581-YAY,017-25581,1993,Juvenile,21-Jun-94,20-Nov-95,Died,6,1,1,*,*,*,*,*,99,,F,3,0,0
725582-GAG,017-25582,1993,Juvenile,22-Jun-94,11-Feb-99,Died,6,1,1,*,*,*,*,*,99,,F,21,18,9
725583-RBG,017-25583,1993,Juvenile,22-Jun-94,9-Nov-94,Died,6,1,1,*,*,*,*,*,99,,F,0,0,0
725587-ROG,017-25587,1993,Juvenile,8-Sep-94,18-Jul-97,Died,6,1,1,*,*,*,*,*,99,,F,6,0,0
725588-YYY,017-25588,1993,Juvenile,8-Sep-94,1-Jan-05,Unknown,,1,1,*,*,*,*,*,99,,F,18,15,4
725589-BOA,017-25589,1993,Juvenile,8-Sep-94,14-Apr-97,Died,6,1,1,*,*,*,*,*,99,,F,16,13,11
725590-ANO,017-25590,1993,Adult,9-Sep-94,28-Dec-95,Died,6,1,1,*,*,*,*,*,99,,F,5,3,3
725594-NBY,017-25594,1993,Adult,9-Sep-94,26-Jul-97,Died,6,1,1,*,*,*,*,*,99,,F,11,8,6
725595-WAN,017-25595,1993,Adult,14-Sep-94,2-Aug-95,Dispersedoutside,,1,1,*,*,*,*,*,99,,F,0,0,0
725597-RBR,017-25597,1993,Adult,1-Nov-94,20-Oct-96,Died,6,1,1,*,*,*,*,*,99,,F,8,2,2
725615-BanA2,017-25615,1994,Nestling,17-Nov-94,13-Dec-95,Died,6,1,1,725229-WYN,2,696646-bwYB,2,696646-bwYB,2,bwYB,F,3,3,0
725619-BanG,017-25619,1994,Nestling,20-Nov-94,5-Aug-97,Died,6,1,1,696651-grBY,2,696471-AWN,4+,696662-rwWG,2,rwWG,F,6,6,3
725622-GraW,017-25622,1994,Nestling,24-Nov-94,16-May-00,Died,6,1,1,696445-wrRG,3,696525-RAN,3,696525-RAN,3,RAN,F,19,14,8
725658-RnrB,017-25658,1994,Nestling,11-Dec-94,19-Oct-97,Died,6,1,1,725379-BOY,2,696694-ynOG,2,*,99,epc-NS,F,9,7,4
725669-RgrW,017-25669,1994,Nestling,14-Dec-94,10-May-98,Died,6,1,1,696440-nyRN,3,626735-WNR,5,626735-WNR,5,WNR,F,16,10,3
725697-OanG,017-25697,1994,Nestling,22-Dec-94,17-Aug-99,Died,6,1,1,725215-BRA,2,696443-rgWW,3,696443-rgWW,3,rgWW,F,24,14,6
725721-WraR,017-25721,1994,Nestling,26-Dec-94,16-Oct-96,Died,6,1,1,725494-AYW,2+,725037-NOO,3+,725037-NOO,3+,NOO,F,3,3,0
725727-AyrA,017-25727,1994,Nestling,31-Dec-94,17-Nov-98,Died,6,1,1,696495-wgNN,3,696536-wrYN,3,696536-wrYN,3,wrYN,F,15,6,3
725733-NgrY,017-25733,1994,Nestling,5-Jan-95,20-Jun-97,Died,6,1,1,725217-MYW,2,696662-rwWG,2,696662-rwWG,2,rwWG,F,12,6,6
725795-YRY,017-25795,1994,Juvenile,6-Apr-95,4-Dec-95,Died,6,1,1,*,*,*,*,*,99,,F,0,0,0
725796-WOG,017-25796,1994,Juvenile,6-Apr-95,2-Nov-97,Died,6,1,1,*,*,*,*,*,99,,F,9,6,4
725797-OOB,017-25797,1994,Juvenile,11-Apr-95,11-Aug-97,Died,6,1,1,*,*,*,*,*,99,,F,2,2,2
725799-WBA,017-25799,1994,Juvenile,12-Apr-95,18-Sep-96,Died,6,1,1,*,*,*,*,*,99,,F,3,3,2
725801-MGY,017-25801,1994,Juvenile,12-Apr-95,20-Mar-98,Died,6,1,1,*,*,*,*,*,99,,F,7,7,5
725806-NYY,017-25806,1994,Adult,31-Aug-95,31-Jul-96,Died,6,1,1,*,*,*,*,*,99,,F,4,4,4
725809-WBO,017-25809,1994,Adult,6-Sep-95,11-Nov-95,Died,6,1,1,*,*,*,*,*,99,,F,0,0,0
725811-BYO2,017-25811,1994,Adult,27-Sep-95,2-Nov-95,Died,6,1,1,*,*,*,*,*,99,,F,0,0,0
725812-NOR2,017-25812,1994,Adult,28-Sep-95,11-Nov-95,Died,6,1,1,*,*,*,*,*,99,,F,0,0,0
725813-MOW,017-25813,1994,Adult,29-Sep-95,2-Aug-97,Died,6,1,1,*,*,*,*,*,99,,F,5,3,1
725844-YOB,017-25844,1994,Adult,1-Nov-95,19-Jun-96,Died,6,1,1,*,*,*,*,*,99,,F,4,4,3
725853-YMG,017-25853,1994,Adult,6-Nov-95,11-Aug-97,Died,6,1,1,*,*,*,*,*,99,,F,5,3,3
725887-RGO,017-25887,1994,Adult,15-Nov-95,12-Feb-96,Died,6,1,1,*,*,*,*,*,99,,F,3,0,0
776128-GBY,017-76128,1994,Adult,27-Nov-95,2-Sep-96,Died,6,1,1,*,*,*,*,*,99,,F,6,6,1
776391-MGN2,017-76391,1994,Adult,17-Jun-96,26-Aug-96,Died,6,1,1,*,*,*,*,*,99,,F,4,4,4
776126-yrNR,017-76126,1995,Nestling,25-Nov-95,18-Jul-97,Died,6,1,1,725796-WOG,1,725089-RYR,5+,725089-RYR,5+,RYR,F,4,2,0
776127-yrRO,017-76127,1995,Nestling,25-Nov-95,12-Oct-96,Unknown,,1,1,725796-WOG,1,725089-RYR,5+,725089-RYR,5+,RYR,F,0,0,0
776198-yrBM,017-76198,1995,Nestling,22-Dec-95,10-Dec-97,Died,6,1,1,696445-wrRG,4,696525-RAN,4,696525-RAN,4,RAN,F,7,2,0
776233-RBY,017-76233,1995,Adult,5-Jan-96,21-Apr-02,Died,6,1,1,*,*,*,*,*,99,,F,45,28,10
776243-byYR,017-76243,1995,Nestling,9-Jan-96,15-May-00,Died,6,1,1,596751-BWM,7,574714-YRRcs,9+,574502-GBN,9+,GBN,F,15,12,11
776244-byAO,017-76244,1995,Nestling,10-Jan-96,27-Sep-99,Died,6,1,1,725217-MYW,3,696662-rwWG,3,725546-MarB,2,MarB,F,17,12,8
776256-NRG,017-76256,1995,Juvenile,12-Jan-96,24-May-03,Died,6,1,1,*,*,*,*,*,99,,F,53,26,10
776258-yrNA,017-76258,1995,Nestling,13-Jan-96,30-Oct-98,Died,6,1,1,725799-WBA,1,696624-grOW,3,696624-grOW,3,grOW,F,9,6,4
776263-OMY,017-76263,1995,Juvenile,17-Jan-96,19-Oct-98,Died,6,1,1,*,*,*,*,*,99,,F,6,3,3
776265-NAM,017-76265,1995,Juvenile,17-Jan-96,3-Jun-97,Dispersedoutside,,1,1,*,*,*,*,*,99,,F,4,4,3
776267-OGO,017-76267,1995,Juvenile,17-Jan-96,1-Jun-97,Died,6,1,1,*,*,*,*,*,99,,F,7,7,4
776268-MNN2,017-76268,1995,Juvenile,18-Jan-96,6-Nov-96,Died,6,1,1,*,*,*,*,*,99,,F,0,0,0
776297-BMR,017-76297,1995,Juvenile,24-Jan-96,2-Dec-96,Died,6,1,1,*,*,*,*,*,99,,F,6,2,0
776301-arOB,017-76301,1995,Nestling,24-Jan-96,7-Feb-98,Died,6,1,1,776128-GBY,1,725086-MRG,6+,M00043-du043,1+,du043,F,9,0,0
776318-byNW,017-76318,1995,Fledgling,29-Jan-96,13-Nov-01,Died,6,1,1,725597-RBR,2,725026-rwGM,3,725463-RrgW,2,RrgW,F,28,22,14
776320-MOA,017-76320,1995,Juvenile,30-Jan-96,18-Nov-97,Dispersedoutside,,1,1,*,*,*,*,*,99,,F,3,0,0
776345-BWO,017-76345,1995,Adult,9-Feb-96,8-Jun-97,Died,6,1,1,*,*,*,*,*,99,,F,3,2,2
776360-rnOA,017-76360,1995,Nestling,18-Feb-96,13-Mar-02,Died,6,1,1,725545-NynY,2,626657-OOW,6,626925-MRM,7+,MRM,F,34,21,14
776372-ONG,017-76372,1995,Adult,19-Mar-96,30-Oct-96,Died,6,1,1,*,*,*,*,*,99,,F,0,0,0
776374-MOY2,017-76374,1995,Adult,20-Mar-96,11-Oct-96,Died,6,1,1,*,*,*,*,*,99,,F,0,0,0
776379-RMB,017-76379,1995,Adult,4-Apr-96,14-Oct-99,Died,6,1,1,*,*,*,*,696522-NGA,5+,NGA,F,18,10,10
776380-NBB,017-76380,1995,Fledgling,29-Jan-96,22-Aug-01,Died,6,1,1,725597-RBR,2,725026-rwGM,3,696618-gwRO,3,gwRO,F,26,20,10
776383-BNR,017-76383,1995,Adult,16-May-96,29-May-00,Died,6,1,1,*,*,*,*,*,99,,F,11,10,1
776384-OGB,017-76384,1995,Adult,30-May-96,4-Dec-99,Died,6,1,1,*,*,*,*,*,99,,F,9,4,4
776385-YBM,017-76385,1995,Adult,31-May-96,7-May-98,Died,6,1,1,*,*,*,*,*,99,,F,7,4,2
776386-NMA,017-76386,1995,Adult,31-May-96,6-Feb-98,Died,6,1,1,*,*,*,*,*,99,,F,5,5,5
776387-GWB,017-76387,1995,Adult,31-May-96,25-May-98,Died,6,1,1,*,*,*,*,*,99,,F,3,3,2
776388-YGN,017-76388,1995,Adult,11-Jun-96,17-Aug-97,Unknown,,1,1,*,*,*,*,*,99,,F,3,0,0
776402-OMG,017-76402,1995,Adult,18-Jun-96,3-Nov-97,Died,6,1,1,*,*,*,*,*,99,,F,10,10,4
776403-BGG,017-76403,1995,Adult,28-Jun-96,20-Nov-97,Died,6,1,1,*,*,*,*,*,99,,F,3,3,2
776407-OBM,017-76407,1995,Adult,6-Aug-96,30-Jun-97,Died,6,1,1,*,*,*,*,*,99,,F,3,0,0
776409-WGG,017-76409,1995,Adult,19-Aug-96,3-Jul-01,Died,6,1,1,*,*,*,*,*,99,,F,14,6,6
776412-ONM,017-76412,1995,Adult,5-Sep-96,10-Jul-02,Died,6,1,1,*,*,*,*,*,99,,F,34,30,10
776413-YBB,017-76413,1995,Adult,9-Sep-96,23-Nov-97,Died,6,1,1,*,*,*,*,*,99,,F,4,4,0
776415-MWO,017-76415,1995,Adult,23-Sep-96,25-Dec-97,Died,6,1,1,*,*,*,*,*,99,,F,0,0,0
776419-RMM,017-76419,1995,Adult,11-Oct-96,11-Jul-97,Died,6,1,1,*,*,*,*,*,99,,F,5,5,3
776420-YGY,017-76420,1995,Adult,14-Oct-96,2-Dec-97,Died,6,1,1,*,*,*,*,*,99,,F,6,6,4
776423-NMR,017-76423,1995,Adult,18-Oct-96,1-Dec-97,Died,6,1,1,*,*,*,*,*,99,,F,7,7,6
776424-OOY,017-76424,1995,Adult,18-Oct-96,31-Mar-97,Died,6,1,1,*,*,*,*,*,99,,F,2,2,0
776433-BYR2,017-76433,1995,Adult,24-Oct-96,5-Nov-96,Died,6,1,1,*,*,*,*,*,99,,F,0,0,0
776434-WOW,017-76434,1995,Adult,24-Oct-96,2-Aug-98,Died,6,1,1,*,*,*,*,*,99,,F,3,3,2
776446-GMG,017-76446,1995,Adult,31-Oct-96,23-Apr-03,Died,6,1,1,*,*,*,*,*,99,,F,30,23,11
776472-OMO,017-76472,1995,Adult,11-Nov-96,9-Jul-02,Died,6,1,1,*,*,*,*,*,99,,F,28,23,16
776442-raYN,017-76442,1996,Nestling,27-Oct-96,14-Jan-99,Died,6,1,1,725805-BBM,3+,696587-bwRY,4,725557-WnaB,3,WnaB,F,9,6,2
776450-nrBG,017-76450,1996,Nestling,31-Oct-96,21-Jun-98,Died,6,1,1,725545-NynY,3,626657-OOW,7,626657-OOW,7,OOW,F,4,4,0
776451-nrMW,017-76451,1996,Nestling,31-Oct-96,22-Oct-02,Died,6,1,1,725545-NynY,3,626657-OOW,7,725519-YnaN,3,YnaN,F,34,27,9
776485-anAM,017-76485,1996,Nestling,15-Nov-96,15-Oct-98,Died,6,1,1,725197-GOY,4,696366-nyYG,5,725192-GRN,8+,GRN,F,4,4,3
776502-raAA,017-76502,1996,Nestling,21-Nov-96,20-Dec-97,Died,6,1,1,776412-ONM,1,725407-NarN,3,*,99,epc-NS,F,0,0,0
776527-anAW,017-76527,1996,Nestling,29-Nov-96,3-Jul-99,Died,6,1,1,776379-RMB,1,776294-rnMB,1,626955-OGW,6,OGW,F,3,3,3
776530-nwYY,017-76530,1996,Nestling,29-Nov-96,18-Nov-98,Died,6,1,1,725416-GrnO,3,725345-AwbG,3,776287-arWG,1,arWG,F,3,3,2
776532-nwYN,017-76532,1996,Nestling,29-Nov-96,16-Nov-00,Died,6,1,1,776404-NRN,2+,725240-GwbO,3,776395-WYR,5+,WYR,F,11,6,5
776534-anBW,017-76534,1996,Nestling,2-Dec-96,23-Aug-97,Unknown,,1,1,626905-NWW,6,725449-RrgM,3,725423-GrgG,3,GrgG,F,0,0,0
776553-ryAM,017-76553,1996,Nestling,5-Dec-96,12-Aug-00,Died,6,1,1,725622-GraW,2,725643-WraY,2,725643-WraY,2,WraY,F,8,6,3
776554-ryBR,017-76554,1996,Nestling,5-Dec-96,19-Dec-99,Died,6,1,1,725622-GraW,2,725643-WraY,2,596701-GNO,8,GNO,F,13,13,9
776573-nwAW,017-76573,1996,Nestling,9-Dec-96,14-Dec-97,Died,6,1,1,583809-mGMW,7,725518-RnaO,3,725037-NOO,5+,NOO,F,0,0,0
776621-ryYN,017-76621,1996,Nestling,20-Dec-96,10-Oct-98,Unknown,,1,1,776472-OMO,1,574743-BMM,9,725472-BnaR,3,BnaR,F,3,0,0
776642-nrOO,017-76642,1996,Nestling,25-Dec-96,7-Feb-98,Died,6,1,1,776420-YGY,1,626849-WYB,6,626849-WYB,6,WYB,F,4,3,0
776678-anRA,017-76678,1996,Nestling,6-Jan-97,20-Nov-97,Unknown,,1,1,776244-byAO,1,725548-RarY,3,M00060-du060,1+,du060,F,0,0,0
776682-nwGM,017-76682,1996,Nestling,7-Jan-97,9-Jan-00,Died,6,1,1,696495-wgNN,5,696531-RwbY,5,696531-RwbY,5,RwbY,F,11,0,0
776722-nrNW,017-76722,1996,Nestling,20-Jan-97,8-Oct-98,Died,6,1,1,696387-brOG,5,696404-wbWO,5,696618-gwRO,4,gwRO,F,2,2,2
776746-AYN2,017-76746,1996,Juvenile,14-Feb-97,5-May-99,Died,6,1,1,*,*,*,*,*,99,,F,0,0,0
776747-ARW,017-76747,1996,Adult,17-Feb-97,21-Oct-98,Died,6,1,1,*,*,*,*,*,99,,F,2,1,1
776748-YBR,017-76748,1996,Adult,17-Feb-97,7-May-98,Died,6,1,1,*,*,*,*,*,99,,F,2,2,2
776750-MYG,017-76750,1996,Juvenile,18-Feb-97,18-Apr-01,Died,6,1,1,*,*,*,*,*,99,,F,33,18,9
776751-WWG,017-76751,1996,Juvenile,26-Feb-97,7-Nov-98,Died,6,1,1,*,*,*,*,*,99,,F,3,3,2
776752-MMB,017-76752,1996,Juvenile,26-Feb-97,20-Nov-99,Died,6,1,1,*,*,*,*,*,99,,F,8,5,4
776753-NBO,017-76753,1996,Juvenile,27-Feb-97,6-May-98,Died,6,1,1,*,*,*,*,*,99,,F,3,3,3
776754-GGM,017-76754,1996,Adult,4-Mar-97,23-Nov-00,Died,6,1,1,*,*,*,*,*,99,,F,9,3,2
776755-OON,017-76755,1996,Adult,11-Mar-97,6-Nov-98,Unknown,,1,1,*,*,*,*,*,99,,F,0,0,0
776757-GGY,017-76757,1996,Adult,24-Mar-97,20-Nov-99,Died,6,1,1,*,*,*,*,*,99,,F,11,1,1
776762-OYM,017-76762,1996,Adult,25-Mar-97,7-Nov-98,Died,6,1,1,*,*,*,*,*,99,,F,9,6,1
776763-ROO,017-76763,1996,Adult,26-Mar-97,11-Oct-99,Died,6,1,1,*,*,*,*,*,99,,F,6,6,4
776764-ORM,017-76764,1996,Adult,26-Mar-97,14-Aug-05,Died,6,1,1,*,*,*,*,*,99,,F,33,21,15
776765-AYA,017-76765,1996,Adult,31-Mar-97,14-Dec-98,Died,6,1,1,*,*,*,*,*,99,,F,8,6,4
776767-BMB,017-76767,1996,Adult,4-Apr-97,12-Jan-02,Died,6,1,1,*,*,*,*,*,99,,F,23,23,12
776768-ANA,017-76768,1996,Adult,10-Apr-97,1-Nov-97,Died,6,1,1,*,*,*,*,*,99,,F,0,0,0
776769-BBR,017-76769,1996,Adult,16-Apr-97,26-Jun-99,Died,6,1,1,*,*,*,*,*,99,,F,13,10,4
776783-OBB,017-76783,1996,Juvenile,1-Jul-97,30-Nov-97,Died,1,1,1,*,*,*,*,*,99,,F,3,3,2
776784-MWW,017-76784,1996,Adult,8-Jul-97,25-Jun-00,Died,6,1,1,*,*,*,*,*,99,,F,10,10,7
776792-WGR,017-76792,1996,Adult,28-Jul-97,17-Sep-97,Unknown,1,1,1,*,*,*,*,*,99,,F,0,0,0
803902-OYY,018-03902,1996,Adult,8-Sep-97,23-Oct-99,Died,6,1,1,*,*,*,*,*,99,,F,11,8,5
803903-YYG,018-03903,1996,Adult,8-Sep-97,14-Sep-98,Unknown,,1,1,*,*,*,*,*,99,,F,3,3,2
803905-BNW2,018-03905,1996,Adult,12-Sep-97,16-Oct-97,Dispersedoutside,,1,1,*,*,*,*,*,99,,F,0,0,0
803909-BAB,018-03909,1996,Adult,15-Oct-97,17-Jun-01,Died,6,1,1,*,*,*,*,*,99,,F,17,14,9
803910-RGW,018-03910,1996,Adult,15-Oct-97,18-Jan-99,Died,6,1,1,*,*,*,*,*,99,,F,6,6,3
803962-OWW,018-03962,1996,Adult,8-Nov-97,16-Apr-98,Unknown,1,1,1,*,*,*,*,*,99,,F,2,2,1
803928-MnwG,018-03928,1997,Nestling,29-Oct-97,26-Nov-98,Died,6,1,1,725379-BOY,5,725882-naOO,2,696502-WMM,7+,WMM,F,0,0,0
803957-GwrA2,018-03957,1997,Nestling,7-Nov-97,28-Nov-98,Died,6,1,1,725801-MGY,3,725518-RnaO,4,725571-GNN,4,GNN,F,0,0,0
803968-MobM,018-03968,1997,Nestling,10-Nov-97,1-May-00,Died,6,1,1,725416-GrnO,4,725608-BraM,3,725519-YnaN,4,YnaN,F,9,5,5
804027-NwrY2,018-04027,1997,Nestling,21-Nov-97,29-Nov-98,Died,6,1,1,776753-NBO,1,696507-OYW,6,696507-OYW,6,OYW,F,0,0,0
804076-YbrY,018-04076,1997,Nestling,5-Dec-97,4-Jul-02,Died,6,1,1,776554-ryBR,1,776729-ryMG,1,776729-ryMG,1,ryMG,F,20,15,10
804078-GbrO,018-04078,1997,Nestling,5-Dec-97,27-Sep-99,Died,6,1,1,776554-ryBR,1,776729-ryMG,1,776729-ryMG,1,ryMG,F,10,3,2
804102-YwrB,018-04102,1997,Nestling,13-Dec-97,17-Aug-01,Died,6,1,1,803910-RGW,1,776266-YNN,2,776266-YNN,2,YNN,F,20,8,3
804113-RnwR,018-04113,1997,Nestling,16-Dec-97,12-Aug-00,Died,6,1,1,776385-YBM,2,776199-yrMY,2,776317-byYW,2,byYW,F,7,7,6
804131-OobW,018-04131,1997,Nestling,22-Dec-97,3-May-03,Died,6,1,1,725391-AwbN,4,725674-NanR,3,776499-nwGO,1,nwGO,F,11,7,3
804145-YbyW2,018-04145,1997,Nestling,26-Dec-97,7-Oct-98,Unknown,,1,1,F00007-unb7,1+,803906-MAN,1,696542-NOA,7+,NOA,F,0,0,0
804146-RbyO,018-04146,1997,Nestling,26-Dec-97,19-Dec-03,Died,6,1,1,F00007-unb7,1+,803906-MAN,1,696542-NOA,7+,NOA,F,28,25,14
804160-GwrW,018-04160,1997,Nestling,3-Jan-98,7-May-03,Died,6,1,1,776751-WWG,1,696397-NMN,6,696397-NMN,6,NMN,F,15,12,5
804170-GbyN,018-04170,1997,Nestling,8-Jan-98,25-Oct-99,Died,6,1,1,776404-NRN,3+,803907-BOA,1+,803907-BOA,1+,BOA,F,6,3,0
804185-MobY,018-04185,1997,Nestling,4-Feb-98,4-May-99,Unknown,1,1,1,*,*,*,*,*,*,*,F,3,3,0
804208-BGO2,018-04208,1997,Adult,27-Feb-98,19-Sep-98,Died,6,1,1,*,*,*,*,*,99,,F,0,0,0
804212-WWW,018-04212,1997,Adult,18-Mar-98,5-Feb-02,Died,6,1,1,*,*,*,*,*,99,,F,18,13,8
804214-RNW,018-04214,1997,Adult,8-Apr-98,17-Jan-00,Died,6,1,1,*,*,*,*,*,99,,F,7,0,0
804217-WNM,018-04217,1997,Adult,16-Apr-98,30-Aug-05,Died,6,1,1,*,*,*,*,*,99,,F,30,21,17
804218-NGO,018-04218,1997,Adult,16-Apr-98,7-Aug-02,Died,6,1,1,*,*,*,*,*,99,,F,15,11,9
804220-WMG,018-04220,1997,Adult,7-May-98,17-Sep-99,Died,6,1,1,*,*,*,*,*,99,,F,3,3,1
804221-MBO,018-04221,1997,Adult,13-May-98,6-Jan-99,Died,6,1,1,*,*,*,*,*,99,,F,6,4,1
804223-BYG2,018-04223,1997,Adult,12-Aug-98,6-Oct-98,Died,6,1,1,*,*,*,*,*,99,,F,0,0,0
804230-OGR,018-04230,1997,Adult,10-Sep-98,28-Jul-01,Died,6,1,1,*,*,*,*,*,99,,F,21,21,14
804231-OBG,018-04231,1997,Adult,23-Sep-98,1-Jan-99,Died,1,1,1,*,*,*,*,*,99,,F,0,0,0
804305-YrbM,018-04305,1998,Nestling,6-Nov-98,1-Dec-00,Died,6,1,1,776532-nwYN,2,696404-wbWO,7,725175-GYO,6,GYO,F,3,3,3
804308-YybW,018-04308,1998,Nestling,10-Nov-98,6-Aug-03,Died,6,1,1,776767-BMB,2,803977-MNY,2+,*,99,epc-NS,F,16,16,12
832089-YRW,018-32089,1998,Juvenile,12-Jan-99,23-Jul-00,Died,6,1,1,*,*,*,*,*,99,,F,4,4,2
832093-NAY,018-32093,1998,Juvenile,14-Jan-99,13-Aug-01,Died,6,1,1,*,*,*,*,*,*,*,F,8,8,3
832094-GWO,018-32094,1998,Juvenile,14-Jan-99,17-Oct-99,Died,6,1,1,*,*,*,*,*,99,,F,0,0,0
832098-AAA,018-32098,1998,Juvenile,15-Jan-99,5-Dec-99,Died,6,1,1,*,*,*,*,*,99,,F,0,0,0
832100-AboR,018-32100,1998,Fledgling,15-Jan-99,1-Jun-02,Died,6,1,1,776752-MMB,2,776294-rnMB,3,725150-rbYB,6,rbYB,F,10,4,3
832102-BboA,018-32102,1998,Nestling,18-Jan-99,8-Jun-02,Died,6,1,1,776379-RMB,3,776262-naGY,3,776227-arGO,3,arGO,F,15,9,7
832105-WboG,018-32105,1998,Nestling,18-Jan-99,4-Mar-02,Died,6,1,1,776379-RMB,3,776262-naGY,3,626955-OGW,8,OGW,F,15,7,5
832117-NybM,018-32117,1998,Nestling,20-Jan-99,7-Jul-01,Died,6,1,1,804146-RbyO,1,776287-arWG,3,776287-arWG,3,arWG,F,3,3,1
832121-OAY,018-32121,1998,Juvenile,21-Jan-99,11-Dec-01,Died,6,1,1,*,*,*,*,*,99,,F,16,10,6
832131-GrbG,018-32131,1998,Nestling,25-Jan-99,26-May-02,Died,6,1,1,776472-OMO,3,725026-rwGM,6,725026-rwGM,6,rwGM,F,19,14,6
832138-NgwB,018-32138,1998,Nestling,25-Jan-99,9-Jan-00,Died,6,1,1,776380-NBB,3,696469-brOY,7,696469-brOY,7,brOY,F,3,3,3
832155-BrbM,018-32155,1998,Fledgling,5-Feb-99,6-Dec-99,Died,6,1,1,776763-ROO,2,776499-nwGO,2,803995-GbyO,1,GbyO,F,0,0,0
832173-GWM,018-32173,1998,Juvenile,24-Feb-99,3-Jul-02,Died,6,1,1,*,*,*,*,*,99,,F,10,10,5
832177-WYW3,018-32177,1998,Juvenile,26-Feb-99,29-Oct-99,Died,6,1,1,*,*,*,*,*,99,,F,0,0,0
832183-YYO,018-32183,1998,Juvenile,5-Mar-99,19-Jan-01,Died,6,1,1,*,*,*,*,*,99,,F,2,2,1
832184-YGM,018-32184,1998,Adult,19-Mar-99,29-Jan-07,Died,6,1,1,*,*,*,*,*,99,,F,41,29,16
832187-GNG,018-32187,1998,Adult,26-Mar-99,8-Dec-99,Died,6,1,1,*,*,*,*,*,99,,F,3,0,0
832188-YMM,018-32188,1998,Adult,26-Mar-99,14-Nov-01,Died,6,1,1,*,*,*,*,*,99,,F,6,3,2
832189-YGO,018-32189,1998,Adult,30-Mar-99,5-Jan-00,Died,6,1,1,*,*,*,*,*,99,,F,3,3,1
832190-YMN,018-32190,1998,Adult,30-Mar-99,15-Jul-05,Died,6,1,1,*,*,*,*,*,99,,F,25,17,7
832191-GNM,018-32191,1998,Juvenile,31-Mar-99,13-Nov-99,Died,6,1,1,*,*,*,*,*,99,,F,2,0,0
832193-YNB,018-32193,1998,Adult,9-Apr-99,8-Feb-03,Died,6,1,1,*,*,*,*,*,99,,F,9,9,5
832195-YNG,018-32195,1998,Adult,16-Apr-99,23-Feb-07,Died,6,1,1,*,*,*,*,*,99,,F,40,33,27
832197-YWG,018-32197,1998,Adult,23-Apr-99,27-May-01,Died,6,1,1,*,*,*,*,*,99,,F,4,4,2
832198-RWR,018-32198,1998,Adult,23-Apr-99,20-Jul-00,Died,6,1,1,*,*,*,*,*,99,,F,1,0,0
832200-RRR,018-32200,1998,Adult,5-May-99,29-Nov-99,Died,6,1,1,*,*,*,*,*,99,,F,0,0,0
832204-GBA,018-32204,1998,Adult,14-May-99,28-Oct-99,Died,6,1,1,*,*,*,*,*,99,,F,0,0,0
832217-OBO,018-32217,1998,Adult,28-May-99,17-Dec-07,Died,6,1,1,*,*,*,*,*,99,,F,46,40,33
832223-WAG,018-32223,1998,Adult,9-Jun-99,22-Dec-99,Died,6,1,1,*,*,*,*,*,99,,F,3,0,0
832225-OYN,018-32225,1998,Adult,3-Aug-99,7-Nov-99,Died,6,1,1,804230-OGR,1,804227-YMB,2+,804227-YMB,2+,YMB,F,0,0,0
832226-BMG,018-32226,1998,Adult,11-Aug-99,5-Oct-07,Died,6,1,1,*,*,*,*,*,99,,F,28,25,13
832230-NAB,018-32230,1998,Adult,22-Sep-99,27-Nov-00,Died,6,1,1,*,*,*,*,*,99,,F,2,2,0
832242-NAA,018-32242,1998,Adult,6-Oct-99,16-Dec-02,Died,6,1,1,*,*,*,*,*,99,,F,14,9,7
832376-RWO,018-32376,1998,Adult,7-Dec-99,10-Jul-02,Died,6,1,1,*,*,*,*,*,99,,F,17,14,12
832496-YWO,018-32496,1998,Adult,14-Jan-00,4-Mar-00,Died,6,1,1,*,*,*,*,*,99,,F,6,6,2
776013-_yryr,017-76013,1999,Adult,9-Feb-00,15-Sep-01,Died,6,1,1,*,*,*,*,*,99,,F,0,0,0
832368-wnAM,018-32368,1999,Nestling,1-Dec-99,25-Jul-03,Died,6,1,1,804113-RnwR,2,804047-BwrB,2,681425-gwRY,7,gwRY,F,10,6,4
832419-wnNO,018-32419,1999,Nestling,20-Dec-99,13-Oct-01,Died,6,1,1,803909-BAB,3,776175-naRA,4,776486-anBO,3,anBO,F,3,3,3
832434-gyOA,018-32434,1999,Nestling,24-Dec-99,4-Aug-01,Died,6,1,1,776784-MWW,3,776544-nwGN,3,725150-rbYB,7,rbYB,F,3,3,3
832448-ogMY,018-32448,1999,Nestling,26-Dec-99,17-Jun-06,Died,6,1,1,804146-RbyO,2,776287-arWG,4,776287-arWG,4,arWG,F,31,28,12
832472-boNO,018-32472,1999,Nestling,6-Jan-00,25-Aug-01,Died,6,1,1,776360-rnOA,4,725150-rbYB,7,725150-rbYB,7,rbYB,F,3,0,0
832485-BBA,018-32485,1999,Adult,12-Jan-00,6-Aug-02,Died,6,1,1,*,*,*,*,*,99,,F,9,6,4
832486-WOO,018-32486,1999,Adult,12-Jan-00,4-Dec-04,Died,6,1,1,*,*,*,*,*,99,,F,20,13,6
832487-NWA,018-32487,1999,Adult,12-Jan-00,30-Jul-02,Died,6,1,1,*,*,*,*,*,99,,F,3,3,2
832513-ogAB,018-32513,1999,Nestling,25-Jan-00,28-Feb-02,Died,6,1,1,832093-NAY,1,804015-YbyG,2,804014-ObyR,2,ObyR,F,0,0,0
832518-OMB,018-32518,1999,Adult,28-Jan-00,4-Jan-01,Died,6,1,1,*,*,*,*,*,99,,F,3,0,0
832545-RYA,018-32545,1999,Adult,3-Mar-00,6-Dec-04,Died,6,1,1,*,*,*,*,*,99,,F,26,15,9
832546-YRA,018-32546,1999,Adult,22-Mar-00,28-Dec-02,Died,6,1,1,*,*,*,*,*,99,,F,8,8,1
832547-OYB,018-32547,1999,Adult,22-Mar-00,25-May-02,Died,6,1,1,*,*,*,*,*,99,,F,3,3,3
832548-BYM,018-32548,1999,Adult,22-Mar-00,27-May-01,Died,6,1,1,*,*,*,*,*,99,,F,0,0,0
832550-AMN,018-32550,1999,Adult,29-Mar-00,15-Jan-01,Died,6,1,1,*,*,*,*,*,99,,F,6,3,0
832551-ABY,018-32551,1999,Adult,29-Mar-00,14-Sep-02,Died,6,1,1,*,*,*,*,*,99,,F,8,5,5
832552-YGA,018-32552,1999,Adult,17-Apr-00,5-Jul-02,Died,6,1,1,*,*,*,*,*,99,,F,8,8,6
832553-BWA,018-32553,1999,Adult,17-Apr-00,7-Aug-02,Died,6,1,1,*,*,*,*,*,99,,F,4,4,3
832554-NNA,018-32554,1999,Adult,19-Apr-00,4-Jan-02,Died,6,1,1,*,*,*,*,*,99,,F,3,0,0
832555-YAA,018-32555,1999,Adult,19-May-00,14-May-07,Died,6,1,1,*,*,*,*,*,99,,F,37,31,21
832558-BRM,018-32558,1999,Adult,16-Jun-00,27-Jun-02,Died,6,1,1,*,*,*,*,*,99,,F,6,3,3
832559-WON,018-32559,1999,Adult,16-Jun-00,3-Dec-02,Died,6,1,1,*,*,*,*,*,99,,F,9,8,5
832560-NAW,018-32560,1999,Adult,22-Jun-00,7-Aug-02,Died,6,1,1,*,*,*,*,*,99,,F,4,2,2
832561-RRA,018-32561,1999,Adult,5-Jul-00,1-Jul-02,Died,6,1,1,*,*,*,*,*,99,,F,5,3,3
832562-AOA,018-32562,1999,Adult,11-Jul-00,4-Jul-05,Died,6,1,1,*,*,*,*,*,99,,F,19,19,11
832563-OAB,018-32563,1999,Adult,12-Jul-00,26-Apr-01,Died,6,1,1,*,*,*,*,*,99,,F,5,5,2
832565-MRW,018-32565,1999,Adult,20-Jul-00,2-Jan-06,Unknown,,1,1,*,*,*,*,*,99,,F,3,3,2
832568-BRG,018-32568,1999,Adult,2-Aug-00,12-Oct-01,Died,6,1,1,*,*,*,*,*,99,,F,7,3,1
832570-WYO,018-32570,1999,Adult,8-Aug-00,20-Nov-03,Died,6,1,1,*,*,*,*,*,99,,F,10,10,5
832572-MYA,018-32572,1999,Adult,10-Aug-00,7-Jun-01,Died,6,1,1,*,*,*,*,*,99,,F,2,2,2
832573-ABN,018-32573,1999,Adult,15-Aug-00,2-Jun-01,Died,6,1,1,*,*,*,*,*,99,,F,3,3,3
832574-ogogog,018-32574,1999,Adult,15-Sep-00,15-Jul-01,Unknown,,1,1,*,*,*,*,*,99,,F,3,3,3
832595-WYA,018-32595,1999,Adult,20-Oct-00,15-Dec-04,Died,6,1,1,*,*,*,*,*,99,,F,12,12,9
832596-RWA,018-32596,1999,Adult,20-Oct-00,8-Feb-03,Died,6,1,1,*,*,*,*,*,99,,F,6,6,2
832624-GRG,018-32624,1999,Adult,3-Nov-00,2-Sep-01,Died,6,1,1,*,*,*,*,*,99,,F,3,3,2
832593-gnWN,018-32593,2000,Nestling,19-Oct-00,2-Dec-06,Died,6,1,1,804217-WNM,3,776264-ARA,5,776264-ARA,5,ARA,F,12,12,11
832598-mnMM,018-32598,2000,Nestling,20-Oct-00,5-Nov-04,Died,6,1,1,776754-GGM,4,725518-RnaO,7,776179-rnWB,5,rnWB,F,10,9,3
832696-goYO,018-32696,2000,Nestling,20-Nov-00,25-May-02,Died,6,1,1,832202-GAA,2+,832578-MMR,1,832130-BrbA,2,BrbA,F,3,0,0
832697-goRW,018-32697,2000,Nestling,20-Nov-00,6-Aug-02,Died,6,1,1,832202-GAA,2+,832578-MMR,1,832130-BrbA,2,BrbA,F,1,0,0
832707-goOM,018-32707,2000,Nestling,22-Nov-00,13-Oct-01,Unknown,,1,1,832574-ogogog,1,832216-ARY,2,832216-ARY,2,ARY,F,0,0,0
832789-mnRG,018-32789,2000,Nestling,15-Dec-00,12-May-03,Died,6,1,1,832102-BboA,2,832580-RNY,1,M00079-du079,1+,du079,F,14,7,2
832817-gnYB,018-32817,2000,Nestling,25-Dec-00,22-Jun-02,Unknown,,1,1,832555-YAA,1,832132-MrbW,2,804299-NrwB,2,NrwB,F,3,0,0
832860-mnMO,018-32860,2000,Nestling,5-Jan-01,13-Dec-06,Died,6,1,1,832547-OYB,1,804047-BwrB,3,804047-BwrB,3,BwrB,F,23,16,13
832869-wmMW,018-32869,2000,Nestling,9-Jan-01,6-Nov-05,Died,6,1,1,804146-RbyO,3,776287-arWG,5,832339-boAA,1,boAA,F,10,7,6
832934-RAM,018-32934,2000,Juvenile,31-Jan-01,25-Apr-03,Died,6,1,1,*,*,*,*,*,99,,F,0,0,0
832940-goGG,018-32940,2000,Juvenile,7-Feb-01,14-Mar-02,Died,6,1,1,*,*,*,*,*,99,,F,7,4,4
832947-YBA,018-32947,2000,Juvenile,29-Mar-01,9-Nov-04,Died,6,1,1,*,*,*,*,*,99,,F,13,13,1
832956-OYA,018-32956,2000,Adult,24-May-01,21-Oct-02,Died,6,1,1,*,*,*,*,*,99,,F,5,5,4
832959-RBA,018-32959,2000,Adult,7-Jun-01,19-Aug-02,Died,6,1,1,*,*,*,*,*,99,,F,3,0,0
832960-NYO,018-32960,2000,Adult,7-Jun-01,19-Dec-03,Died,6,1,1,*,*,*,*,*,99,,F,7,4,4
832962-NRB,018-32962,2000,Adult,14-Jun-01,6-Aug-02,Died,6,1,1,*,*,*,*,*,99,,F,5,3,3
832965-NBN,018-32965,2000,Adult,15-Jun-01,20-Oct-07,Died,6,1,1,*,*,*,*,*,99,,F,25,23,13
832967-BWN,018-32967,2000,Adult,28-Jun-01,20-Jun-04,Died,6,1,1,*,*,*,*,*,99,,F,15,9,8
832968-MRA,018-32968,2000,Adult,29-Jun-01,4-Aug-02,Died,6,1,1,*,*,*,*,*,99,,F,0,0,0
832970-ARM,018-32970,2000,Adult,12-Jul-01,21-Jul-08,Died,6,1,1,*,*,*,*,*,99,,F,40,32,14
832971-AAM,018-32971,2000,Adult,20-Jul-01,15-Dec-04,Died,6,1,1,*,*,*,*,*,99,,F,8,6,3
832972-NAO,018-32972,2000,Adult,20-Jul-01,22-Nov-01,Died,6,1,1,*,*,*,*,*,99,,F,0,0,0
832973-YWR,018-32973,2000,Adult,27-Jul-01,11-Oct-10,Died,6,1,1,*,*,*,*,*,99,,F,44,30,21
832974-MAB,018-32974,2000,Adult,2-Aug-01,27-Nov-08,Died,6,1,1,*,*,*,*,*,99,,F,32,30,13
832975-GYA,018-32975,2000,Adult,3-Aug-01,14-Nov-01,Died,6,1,1,*,*,*,*,*,99,,F,0,0,0
832977-ANM2,018-32977,2000,Adult,10-Aug-01,25-Jan-03,Died,1,1,1,*,*,*,*,*,99,,F,7,6,3
833049-YWA,018-33049,2000,Adult,9-Jan-02,1-Nov-03,Died,6,1,1,*,*,*,*,*,99,,F,2,0,0
833072-RGA,018-33072,2000,Adult,16-Jan-02,25-Jan-03,Died,6,1,1,*,*,*,*,*,99,,F,5,3,1
833540-YGW,018-33540,2000,Juvenile,24-May-02,13-Jul-03,Died,6,1,1,*,*,*,*,*,99,,F,0,0,0
833008-RwmN,018-33008,2001,Nestling,1-Jan-02,7-Aug-03,Unknown,,1,1,832789-mnRG,1,804156-MnwA,4,832647-wmWM,1,wmWM,F,2,2,0
833020-BgnY,018-33020,2001,Nestling,4-Jan-02,25-Jul-03,Died,6,1,1,832184-YGM,3,832466-nmYR,2,832466-nmYR,2,nmYR,F,2,2,0
833083-OgnB,018-33083,2001,Nestling,17-Jan-02,28-May-03,Died,6,1,1,832552-YGA,2,832904-mnYR,1,804227-YMB,5+,YMB,F,0,0,0
833084-RbgB,018-33084,2001,Nestling,19-Jan-02,17-Nov-04,Died,6,1,1,804076-YbrY,4,832097-OrwN,3,832433-gyBM,2,gyBM,F,7,7,5
833096-YYM,018-33096,2001,Juvenile,25-Jan-02,24-Oct-06,Died,6,1,1,*,*,*,*,*,99,,F,16,15,6
833109-BgnB,018-33109,2001,Nestling,7-Dec-01,11-Sep-05,Died,6,1,1,832555-YAA,2,832702-wmYA,1,832833-goON,1,goON,F,18,14,8
833121-YogN,018-33121,2001,Nestling,9-Dec-01,31-Dec-08,Died,6,1,1,832557-MBA,3+,832992-GGN,1,725518-RnaO,8,RnaO,F,35,26,19
833128-YbgA,018-33128,2001,Nestling,10-Dec-01,12-Apr-03,Died,6,1,1,776451-nrMW,5,SOC004_nrMW,*,*,*,epc-amb,F,3,3,2
833153-BgnM,018-33153,2001,Nestling,18-Dec-01,10-Jul-04,Died,6,1,1,832960-NYO,1,832208-MAO,3,832156-OrbA,3,OrbA,F,8,8,7
833169-BbgY,018-33169,2001,Nestling,21-Dec-01,12-Oct-07,Died,6,1,1,832448-ogMY,2,776294-rnMB,6,832863-obWM,1,obWM,F,12,11,4
833201-MogR,018-33201,2001,Nestling,1-Nov-01,23-Nov-05,Died,6,1,1,832242-NAA,3,832703-wmBM,1,832703-wmBM,1,wmBM,F,12,7,6
833243-NogR,018-33243,2001,Nestling,19-Nov-01,21-Jan-03,Dispersedoutside,,1,1,832559-WON,2,725518-RnaO,8,M00071-du071,1+,du071,F,2,0,0
833276-YwmB,018-33276,2001,Nestling,28-Nov-01,23-Aug-04,Died,6,1,1,804218-NGO,4,832705-obAG,1,776558-ryBO,5,ryBO,F,8,5,5
833518-AMO,018-33518,2001,Juvenile,6-Mar-02,16-Aug-03,Died,6,1,1,*,*,*,*,*,99,,F,3,3,3
833521-MNA2,018-33521,2001,Juvenile,8-Mar-02,17-Nov-02,Died,6,1,1,*,*,*,*,*,99,,F,0,0,0
833528-MRO,018-33528,2001,Juvenile,12-Apr-02,19-Feb-07,Died,6,1,1,*,*,*,*,*,99,,F,24,24,6
833535-AGM,018-33535,2001,Juvenile,26-Apr-02,15-Aug-04,Died,6,1,1,*,*,*,*,*,99,,F,6,6,1
833536-NWY2,018-33536,2001,Juvenile,26-Apr-02,3-Nov-03,Died,6,1,1,*,*,*,*,*,99,,F,0,0,0
833537-BNG,018-33537,2001,Juvenile,8-May-02,10-Nov-06,Died,6,1,1,*,*,*,*,*,99,,F,12,9,7
833538-AGN,018-33538,2001,Juvenile,10-May-02,26-Dec-03,Died,6,1,1,*,*,*,*,*,99,,F,2,0,0
833539-AWR,018-33539,2001,Juvenile,17-May-02,15-Dec-07,Died,6,1,1,*,*,*,*,*,99,,F,31,24,16
833545-RAA,018-33545,2001,Adult,4-Oct-02,21-Jan-03,Died,6,1,1,*,*,*,*,*,99,,F,0,0,0
833666-NYA,018-33666,2001,Adult,13-Dec-02,6-Nov-04,Died,6,1,1,*,*,*,*,*,99,,F,7,4,4
833671-YWM,018-33671,2001,Adult,13-Dec-02,24-May-04,Died,6,1,1,*,*,*,*,*,99,,F,8,0,0
653417-gAnrW,016-53417,2002,Nestling,16-Nov-02,1-Jun-09,Died,6,1,1,832195-YNG,4,832003-BybM,4,M00041-du041,1+,du041,F,23,20,17
833584-NgbW,018-33584,2002,Nestling,12-Nov-02,18-Nov-07,Died,6,1,1,832974-MAB,2,832398-mwON,3,832398-mwON,3,mwON,F,22,17,13
833588-OnyO,018-33588,2002,Nestling,13-Nov-02,27-Jun-05,Died,6,1,1,832570-WYO,3,776544-nwGN,6,832097-OrwN,4,OrwN,F,15,9,1
833590-OnyA,018-33590,2002,Nestling,15-Nov-02,10-Jul-12,Died,6,1,1,832971-AAM,2,832813-goAB,2,776583-rarara,6,rarara,F,51,42,25
833592-WngM,018-33592,2002,Nestling,16-Nov-02,29-Jul-04,Died,6,1,1,832195-YNG,4,832003-BybM,4,M00041-du041,1+,du041,F,3,3,1
833615-AngY,018-33615,2002,Nestling,24-Nov-02,1-Dec-10,Died,6,1,1,833528-MRO,1,832941-goBO,2,832941-goBO,2,goBO,F,19,14,8
833665-AgbA,018-33665,2002,Nestling,13-Dec-02,9-Apr-04,Died,6,1,1,833666-NYA,1,832904-mnYR,2,832780-goWA,2,goWA,F,7,3,2
833676-MnyM,018-33676,2002,Nestling,16-Dec-02,10-Oct-05,Died,6,1,1,832368-wnAM,3,832259-ogOG,3,832259-ogOG,3,ogOG,F,13,7,1
833679-MgoR,018-33679,2002,Nestling,20-Dec-02,30-Jan-04,Died,6,1,1,804146-RbyO,5,832868-wmBY,2,725518-RnaO,9,RnaO,F,3,3,1
833742-RGM,018-33742,2002,Juvenile,27-Mar-03,17-Nov-03,Died,1,1,1,*,*,*,*,*,99,,F,3,0,0
898100-OBN,018-98100,2002,Adult,7-Jan-04,7-Nov-05,Died,6,1,1,*,*,*,*,*,99,,F,11,5,0
898300-GAR,018-98300,2002,Adult,29-Jan-04,4-Oct-05,Died,6,1,1,*,*,*,*,*,99,,F,3,3,0
833751-ngAN,018-33751,2003,Nestling,12-Nov-03,30-Nov-06,Died,6,1,1,832217-OBO,5,833220-RnoM,2,833220-RnoM,2,RnoM,F,9,9,9
833786-noWW,018-33786,2003,Nestling,19-Nov-03,21-Feb-05,Died,6,1,1,832967-BWN,3,832425-mwNW,4,832425-mwNW,4,mwNW,F,2,2,1
898095-gbAM,018-98095,2003,Nestling,22-Dec-03,4-Jun-06,Died,6,1,1,833666-NYA,2,833696-NnyB,1,833696-NnyB,1,NnyB,F,3,3,0
898242-gbAN,018-98242,2003,Nestling,5-Jan-04,5-Mar-10,Unknown,,1,1,833679-MgoR,1,832793-wmRY,3,832793-wmRY,3,wmRY,F,28,20,8
898289-noAO,018-98289,2003,Nestling,27-Jan-04,27-Jun-05,Died,6,1,1,832970-ARM,3,833064-GnoY,2,832259-ogOG,4,ogOG,F,5,2,2
898304-gbRM,018-98304,2003,Nestling,30-Jan-04,24-Dec-04,Died,6,1,1,898295-WGA,0+,832363-boAG,4,833230-YngY,2,YngY,F,0,0,0
898317-GRM,018-98317,2003,Juvenile,6-Feb-04,26-Oct-09,Died,6,1,1,*,*,*,*,*,99,,F,33,22,12
898319-rbBY,018-98319,2003,Nestling,7-Feb-04,19-Aug-05,Died,6,1,1,833084-RbgB,2,833228-GgnB,2,832647-wmWM,3,wmWM,F,4,4,1
898330-NNN,018-98330,2003,Juvenile,13-Feb-04,30-Aug-07,Died,6,1,1,*,*,*,*,*,99,,F,9,9,7
898331-OMA,018-98331,2003,Juvenile,13-Feb-04,13-May-05,Died,6,1,1,*,*,*,*,*,99,,F,5,5,5
898332-ABR,018-98332,2003,Juvenile,19-Feb-04,3-Jul-10,Died,6,1,1,*,*,*,*,*,99,,F,48,35,11
898336-GMR,018-98336,2003,Juvenile,2-Mar-04,15-Apr-06,Died,6,1,1,*,*,*,*,*,99,,F,9,9,7
898338-MGB,018-98338,2003,Juvenile,2-Mar-04,27-Jun-06,Died,6,1,1,*,*,*,*,*,99,,F,14,14,3
898345-RGN,018-98345,2003,Juvenile,30-Mar-04,11-Oct-07,Died,6,1,1,*,*,*,*,*,99,,F,18,9,7
898346-BGW,018-98346,2003,Juvenile,1-Apr-04,21-Sep-05,Died,6,1,1,*,*,*,*,*,99,,F,3,3,2
898349-RMA,018-98349,2003,Juvenile,2-Apr-04,16-May-05,Died,6,1,1,*,*,*,*,*,99,,F,3,3,3
898351-GON,018-98351,2003,Juvenile,8-Apr-04,5-Sep-08,Died,6,1,1,*,*,*,*,*,99,,F,17,10,7
898353-MRB,018-98353,2003,Adult,14-Oct-04,10-Oct-05,Died,6,1,1,*,*,*,*,*,99,,F,6,3,3
898679-BAY,018-98679,2003,Adult,21-Jan-05,24-Dec-05,Died,6,1,1,*,*,*,*,*,99,,F,1,0,0
898738-AGY,018-98738,2003,Juvenile,20-May-05,12-Nov-07,Died,6,1,1,*,*,*,*,*,99,,F,14,11,11
898527-weAM,018-98527,2004,Nestling,28-Nov-04,2-Nov-07,Died,6,1,1,804217-WNM,7,804295-MwnR,6,832840-wmMB,4,wmMB,F,7,7,5
898591-weAR,018-98591,2004,Nestling,23-Dec-04,13-Feb-12,Died,6,1,1,833121-YogN,3,833591-OngA,2,833591-OngA,2,OngA,F,40,35,22
898636-rwBA,018-98636,2004,Nestling,11-Jan-05,24-Mar-06,Died,6,1,1,832973-YWR,4,832745-gnYY,4,832745-gnYY,4,gnYY,F,2,2,2
898656-bgBY,018-98656,2004,Nestling,17-Jan-05,3-Jun-06,Died,6,1,1,832965-NBN,4,833228-GgnB,3,833228-GgnB,3,GgnB,F,3,3,3
898660-onRA,018-98660,2004,Nestling,17-Jan-05,30-Oct-07,Died,6,1,1,898349-RMA,1,898341-MYB,1,833589-BnyM,2,BnyM,F,8,8,3
898676-bgBO,018-98676,2004,Nestling,20-Jan-05,14-Oct-05,Unknown,,1,1,898319-rbBY,1,832363-boAG,5,833598-MnyR,2,MnyR,F,0,0,0
898680-AMM,018-98680,2004,Juvenile,21-Jan-05,13-Oct-08,Died,6,1,1,*,*,*,*,*,99,,F,7,6,4
898685-brBA,018-98685,2004,Nestling,22-Jan-05,28-Apr-08,Died,6,1,1,833584-NgbW,2,833168-YbgN,3,898342-MMA,1,MMA,F,10,7,6
898689-weBG,018-98689,2004,Nestling,24-Jan-05,10-Dec-05,Died,6,1,1,832970-ARM,4,898291-noYR,1,898093-noRG,1,noRG,F,0,0,0
898695-YNY,018-98695,2004,Juvenile,28-Jan-05,23-Mar-06,Died,6,1,1,*,*,*,*,*,99,,F,0,0,0
898696-RGR,018-98696,2004,Juvenile,28-Jan-05,1-Jul-07,Died,6,1,1,*,*,*,*,*,99,,F,7,4,2
898697-AOO,018-98697,2004,Juvenile,28-Jan-05,4-Jun-06,Died,6,1,1,*,*,*,*,*,99,,F,3,3,3
898698-GMM,018-98698,2004,Juvenile,28-Jan-05,14-Jan-06,Died,6,1,1,*,*,*,*,*,99,,F,0,0,0
898700-bgNG,018-98700,2004,Nestling,28-Jan-05,28-Mar-11,Died,6,1,1,898353-MRB,1,833605-BmwY,2,833605-BmwY,2,BmwY,F,34,29,20
898716-YRO,018-98716,2004,Juvenile,7-Feb-05,20-Dec-08,Died,6,1,1,*,*,*,*,*,99,,F,11,7,2
898718-weYM,018-98718,2004,Nestling,8-Feb-05,20-Nov-08,Died,6,1,1,833751-ngAN,1,833784-noAA,1,833784-noAA,1,noAA,F,10,8,3
898725-GGA,018-98725,2004,Juvenile,18-Feb-05,23-Jul-08,Died,6,1,1,*,*,*,*,*,99,,F,11,3,3
898726-WAW,018-98726,2004,Juvenile,25-Feb-05,20-Mar-10,Died,6,1,1,*,*,*,*,*,99,,F,14,9,4
898728-RWM,018-98728,2004,Juvenile,4-Mar-05,26-Aug-06,Died,6,1,1,*,*,*,*,*,99,,F,2,0,0
898729-NWY,018-98729,2004,Juvenile,4-Mar-05,9-Jul-07,Died,6,1,1,*,*,*,*,*,99,,F,3,3,1
898731-AOB,018-98731,2004,Juvenile,1-Apr-05,19-Oct-09,Died,6,1,1,*,*,*,*,*,99,,F,25,24,14
898733-OOA,018-98733,2004,Juvenile,6-Apr-05,26-Mar-06,Died,6,1,1,*,*,*,*,*,99,,F,7,4,2
898735-NRR,018-98735,2004,Juvenile,15-Apr-05,16-Oct-07,Died,6,1,1,*,*,*,*,*,99,,F,3,3,0
898739-RMY,018-98739,2004,Juvenile,27-May-05,15-Oct-07,Died,6,1,1,*,*,*,*,*,99,,F,3,3,3
898740-MWA,018-98740,2004,Juvenile,10-Jun-05,21-Aug-08,Died,6,1,1,*,*,*,*,*,99,,F,13,6,0
898742-NOM,018-98742,2004,Adult,16-Sep-05,26-Jan-11,Died,6,1,1,*,*,*,*,*,99,,F,27,21,9
898744-GBO,018-98744,2004,Adult,28-Sep-05,30-Jun-06,Died,6,1,1,*,*,*,*,*,99,,F,0,0,0
898746-WAB,018-98746,2004,Adult,5-Oct-05,27-Jun-06,Died,6,1,1,*,*,*,*,*,99,,F,0,0,0
898747-ANM,018-98747,2004,Adult,13-Oct-05,4-Dec-07,Died,6,1,1,*,*,*,*,*,99,,F,10,10,6
899051-BGM,018-99051,2004,Adult,1-Dec-05,2-Nov-08,Died,6,1,1,*,*,*,*,*,99,,F,18,13,4
899491-WAO,018-99491,2004,Adult,16-Jan-07,15-Feb-10,Died,6,1,1,*,*,*,*,*,99,,F,37,30,13
553418-gMYC,015-53418,2005,Nestling,16-Jan-06,18-Sep-09,Died,6,1,1,898332-ABR,2,898093-noRG,2,804015-YbyG,8,YbyG,F,5,3,3
899099-ObyA,018-99099,2005,Nestling,19-Dec-05,20-Mar-08,Died,6,1,1,832195-YNG,7,832003-BybM,7,832003-BybM,7,BybM,F,3,0,0
899157-MbyN,018-99157,2005,Nestling,2-Jan-06,12-Nov-09,Died,6,1,1,832860-mnMO,5,833695-YnyN,3,833589-BnyM,3,BnyM,F,5,0,0
899176-AgoB,018-99176,2005,Nestling,6-Jan-06,4-Nov-08,Died,6,1,1,898338-MGB,2,898202-gbMG,2,898202-gbMG,2,gbMG,F,5,2,1
899187-AgoY,018-99187,2005,Nestling,8-Jan-06,30-Nov-10,Died,6,1,1,898739-RMY,1,898049-noMO,2,833512-YgnR,4,YgnR,F,14,10,9
899212-OGA,018-99212,2005,Adult,16-Jan-06,13-Jul-13,Died,6,1,1,*,*,*,*,,99,,F,27,22,21
899231-GnrB,018-99231,2005,Nestling,19-Jan-06,29-Jan-07,Died,6,1,1,833615-AngY,3,832779-goGO,5,832779-goGO,5,goGO,F,0,0,0
899239-AnrY,018-99239,2005,Nestling,25-Jan-06,23-Feb-08,Died,6,1,1,898317-GRM,2,833626-BonR,3,898093-noRG,2,noRG,F,8,7,1
899265-ORR,018-99265,2005,Juvenile,15-Feb-06,28-Oct-10,Died,6,1,1,*,*,*,*,,99,,F,15,10,4
899282-BAO,018-99282,2005,Juvenile,15-Mar-06,23-Apr-07,Died,6,1,1,*,*,*,*,,99,,F,3,0,0
899283-WAR,018-99283,2005,Juvenile,17-Mar-06,18-Oct-08,Died,6,1,1,*,*,*,*,,99,,F,0,0,0
899284-WAY,018-99284,2005,Juvenile,29-Mar-06,8-Jan-08,Died,6,1,1,*,*,*,*,,99,,F,5,5,1
899289-MBW,018-99289,2005,Adult,21-Sep-06,7-Aug-08,Died,6,1,1,*,*,*,*,,99,,F,10,9,2
899370-GOA,018-99370,2005,Adult,22-Nov-06,24-Mar-07,Died,6,1,1,*,*,*,*,,99,,F,3,0,0
899373-GMY,018-99373,2005,Adult,24-Nov-06,24-Oct-07,Died,6,1,1,*,*,*,*,,99,,F,3,0,0
899385-ARA,018-99385,2005,Adult,27-Nov-06,6-Nov-08,Died,6,1,1,*,*,*,*,,99,,F,10,10,6
899435-MAY,018-99435,2005,Adult,8-Dec-06,11-Aug-09,Died,6,1,1,*,*,*,*,,99,,F,10,9,7
899446-BOG,018-99446,2005,Adult,13-Dec-06,15-Mar-10,Died,6,1,1,*,*,*,*,,99,,F,19,10,2
899467-ONA,018-99467,2005,Adult,27-Dec-06,10-Jan-08,Died,6,1,1,*,*,*,*,,99,,F,5,5,2
899471-YON,018-99471,2005,Adult,27-Dec-06,23-Mar-07,Died,6,1,1,*,*,*,*,,99,,F,3,3,2
899490-anYA,018-99490,2005,Adult,16-Jan-07,5-Mar-07,Died,6,1,1,*,*,*,*,,99,,F,2,2,0
899495-RBN,018-99495,2005,Adult,17-Jan-07,27-Feb-12,Died,6,1,1,*,*,*,*,,99,,F,17,14,12
899499-BWR,018-99499,2005,Adult,18-Jan-07,7-Sep-07,Unknown,,1,1,*,*,*,*,,99,,F,0,0,0
899500-BOB,018-99500,2005,Adult,18-Jan-07,15-Oct-07,Died,6,1,1,*,*,*,*,,99,,F,0,0,0
899340-AnaB,018-99340,2006,Nestling,6-Nov-06,15-Jun-08,Died,6,1,1,898527-weAM,2,898284-noNY,3,833152-WgnY,5,WgnY,F,4,4,4
899342-RnaW,018-99342,2006,Nestling,6-Nov-06,6-Nov-07,Unknown,,1,1,898527-weAM,2,898284-noNY,3,833152-WgnY,5,WgnY,F,0,0,0
899382-OobN,018-99382,2006,Nestling,24-Nov-06,14-Oct-10,Died,6,1,1,898738-AGY,3,898256-ngOM,3,898256-ngOM,3,ngOM,F,9,3,2
899384-YobG,018-99384,2006,Nestling,24-Nov-06,19-Aug-08,Died,6,1,1,898738-AGY,3,898256-ngOM,3,898256-ngOM,3,ngOM,F,2,0,0
899397-MnaN,018-99397,2006,Nestling,27-Nov-06,5-Nov-07,Unknown,,1,1,833584-NgbW,4,833168-YbgN,5,898049-noMO,3,noMO,F,0,0,0
899453-MybA,018-99453,2006,Nestling,22-Dec-06,8-May-11,Died,6,1,1,832184-YGM,8,832040-ArbY,8,898592-weNG,2,weNG,F,14,10,9
899454-OybO,018-99454,2006,Nestling,22-Dec-06,17-Mar-08,Died,6,1,1,832184-YGM,8,832040-ArbY,8,898592-weNG,2,weNG,F,0,0,0
899472-AybO,018-99472,2006,Nestling,27-Dec-06,25-Jun-12,Died,6,1,1,899471-YON,1,833041-RnoN,5,899264-MgoY,1,MgoY,F,22,19,12
899473-GybN,018-99473,2006,Nestling,27-Dec-06,15-Nov-08,Died,6,1,1,899471-YON,1,833041-RnoN,5,899264-MgoY,1,MgoY,F,4,2,0
899481-brON,018-99481,2006,Juvenile,5-Jan-07,27-Nov-11,Died,6,1,1,*,*,*,*,*,99,,F,33,19,4
899503-RybO,018-99503,2006,Nestling,18-Jan-07,1-Jan-10,Unknown,,1,1,833539-AWR,5,898797-YweY,1,833606-GmwG,4,GmwG,F,4,0,0
899506-MMG2,018-99506,2006,Juvenile,25-Jan-07,7-Nov-07,Died,6,1,1,*,*,*,*,*,99,,F,0,0,0
899507-GOR,018-99507,2006,Juvenile,25-Jan-07,9-Feb-09,Died,6,1,1,*,*,*,*,*,99,,F,7,3,0
899518-ANB,018-99518,2006,Adult,11-Oct-07,14-Jul-08,Died,6,1,1,*,*,*,*,*,99,,F,4,4,1
899532-ORY,018-99532,2006,Adult,25-Oct-07,26-May-08,Died,6,1,1,*,*,*,*,*,99,,F,0,0,0
899599-NYW,018-99599,2006,Adult,27-Nov-07,15-Oct-08,Died,6,1,1,*,*,*,*,*,99,,F,3,3,0
899657-RAN,018-99657,2006,Adult,20-Dec-07,19-Jun-09,Died,6,1,1,*,*,*,*,*,99,,F,8,8,5
899659-AAN2,018-99659,2006,Adult,20-Dec-07,19-Nov-08,Died,6,1,1,*,*,*,*,*,99,,F,0,0,0
899702-naOR,018-99702,2007,Nestling,9-Jan-08,15-Mar-10,Died,6,1,1,899446-BOG,2,833618-NbgM,5,898093-noRG,4,noRG,F,11,3,3
899707-ogBB,018-99707,2007,Nestling,9-Jan-08,27-Nov-09,Died,6,1,1,832973-YWR,7,832745-gnYY,7,832745-gnYY,7,gnYY,F,5,2,2
899720-raOB,018-99720,2007,Fledgling,14-Jan-08,8-Nov-10,Died,6,1,1,898591-weAR,3,898343-MRN,5+,898343-MRN,5+,MRN,F,14,10,5
899722-YNN,018-99722,2007,Juvenile,16-Jan-08,31-Oct-13,Unknown,,1,1,*,*,*,*,*,99,,F,12,5,2
899729-nrWN,018-99729,2007,Nestling,16-Jan-08,12-Jan-11,Died,6,1,1,898242-gbAN,4,898666-weBA,3,833618-NbgM,5,NbgM,F,5,2,2
899746-WWA,018-99746,2007,Juvenile,23-Jan-08,12-Mar-11,Died,6,1,1,*,*,*,*,*,99,,F,15,6,5
899792-GOG,018-99792,2007,Juvenile,21-Feb-08,4-Jul-11,Died,6,1,1,*,*,*,*,*,99,,F,17,15,9
899799-naYO,018-99799,2007,Nestling,25-Feb-08,20-Jun-10,Died,6,1,1,898685-brBA,3,898232-wrYB,4,833618-NbgM,5,NbgM,F,16,11,5
899800-AON,018-99800,2007,Juvenile,27-Feb-08,20-Jun-11,Died,6,1,1,*,*,*,*,*,99,,F,8,4,4
899805-BAR,018-99805,2007,Juvenile,13-Mar-08,20-Oct-09,Died,6,1,1,*,*,*,*,*,99,,F,8,3,0
899807-MNY,018-99807,2007,Juvenile,20-Mar-08,15-Feb-09,Died,6,1,1,*,*,*,*,*,99,,F,3,0,0
899809-GYG,018-99809,2007,Juvenile,27-Mar-08,27-May-13,Unknown,,1,1,*,*,*,*,*,99,,F,29,20,13
899812-RRW,018-99812,2007,Juvenile,10-Apr-08,14-Oct-09,Died,6,1,1,*,*,*,*,*,99,,F,5,3,3
899813-YBG,018-99813,2007,Juvenile,22-May-08,18-Oct-10,Died,6,1,1,*,*,*,*,*,99,,F,8,8,6
899814-YNR,018-99814,2007,Juvenile,23-May-08,15-Jun-09,Died,6,1,1,*,*,*,*,*,99,,F,6,5,3
899817-MAG,018-99817,2007,Juvenile,12-Jun-08,20-Dec-09,Died,6,1,1,*,*,*,*,*,99,,F,3,3,0
899818-ABO,018-99818,2007,Juvenile,3-Jul-08,21-Apr-09,Died,6,1,1,*,*,*,*,*,99,,F,0,0,0
899821-BAN,018-99821,2007,Juvenile,11-Sep-08,6-May-11,Died,6,1,1,*,*,*,*,*,99,,F,20,6,2
899822-AOR,018-99822,2007,Juvenile,11-Sep-08,16-Oct-09,Died,6,1,1,*,*,*,*,*,99,,F,7,7,4
899823-GGR,018-99823,2007,Juvenile,18-Sep-08,28-Oct-09,Died,6,1,1,*,*,*,*,*,99,,F,5,5,4
899824-AGW,018-99824,2007,Adult,10-Oct-08,7-Oct-10,Died,6,1,1,*,*,*,*,*,99,,F,3,3,2
899825-MAR,018-99825,2007,Adult,10-Oct-08,23-Oct-10,Died,6,1,1,*,*,*,*,*,99,,F,2,2,2
899826-OAO,018-99826,2007,Adult,17-Oct-08,5-Jul-10,Died,6,1,1,*,*,*,*,*,99,,F,8,4,0
899827-NWB,018-99827,2007,Adult,17-Oct-08,13-Jun-09,Died,6,1,1,*,*,*,*,*,99,,F,5,2,2
899828-YMA,018-99828,2007,Adult,17-Oct-08,3-Jun-13,Died,6,1,1,*,*,*,*,*,99,,F,17,11,9
899829-AGA,018-99829,2007,Adult,24-Oct-08,3-Jun-13,Died,6,1,1,*,*,*,*,*,99,,F,13,10,9
899831-YOA,018-99831,2007,Adult,24-Oct-08,19-Oct-10,Unknown,,1,1,*,*,*,*,*,99,,F,3,0,0
899843-YAM,018-99843,2007,Adult,31-Oct-08,3-Oct-11,Died,6,1,1,*,*,*,*,*,99,,F,15,11,3
899844-BAA,018-99844,2007,Adult,31-Oct-08,16-Jan-10,Died,6,1,1,*,*,*,*,*,99,,F,0,0,0
899883-AGR,018-99883,2007,Adult,14-Nov-08,28-Sep-10,Died,6,1,1,*,*,*,*,*,99,,F,2,0,0
899909-GNN,018-99909,2007,Adult,28-Nov-08,28-May-11,Died,6,1,1,*,*,*,*,*,99,,F,16,14,4
981833-RAR,019-81833,2007,Adult,23-Jan-09,2-Jan-10,Died,6,1,1,*,*,*,*,*,99,,F,5,3,0
981846-BAW,019-81846,2007,Adult,30-Jan-09,1-Apr-09,Died,6,1,1,*,*,*,*,*,99,,F,1,1,0
981871-YMW2,019-81871,2007,Juvenile,9-Apr-09,26-May-09,Died,6,1,1,*,*,*,*,*,99,,F,0,0,0
899887-bwAO,018-99887,2008,Nestling,14-Nov-08,29-Nov-10,Died,6,1,1,833121-YogN,7,899433-ArnY,2,899433-ArnY,2,ArnY,F,5,5,3
899935-bwBR,018-99935,2008,Nestling,12-Dec-08,12-Nov-11,Died,6,1,1,833615-AngY,6,898233-wrAO,5,899371-BybY,2,BybY,F,10,4,1
899948-rnYY,018-99948,2008,Nestling,15-Dec-08,8-Nov-10,Died,6,1,1,899472-AybO,2,833168-YbgN,7,833168-YbgN,7,YbgN,F,3,3,3
899984-bwBG,018-99984,2008,Nestling,2-Jan-09,23-Feb-11,Died,6,1,1,899187-AgoY,3,898683-bgRR,4,898683-bgRR,4,bgRR,F,10,9,7
899985-GMA,018-99985,2008,Juvenile,9-Jan-09,20-Dec-10,Died,6,1,1,*,*,*,*,*,99,,F,5,2,0
981801-anGA,019-81801,2008,Nestling,12-Jan-09,11-Dec-09,Died,6,1,1,899821-BAN,1,899642-raBO,1,899728-nrMG,1,nrMG,F,0,0,0
981821-anYG,019-81821,2008,Nestling,21-Jan-09,11-Dec-10,Died,6,1,1,899657-RAN,2,898611-onNM,4,899175-WbyN,3,WbyN,F,9,0,0
981827-arAR,019-81827,2008,Nestling,21-Jan-09,1-Feb-12,Died,6,1,1,899746-WWA,1,898284-noNY,5,898256-ngOM,5,ngOM,F,12,8,1
981828-arMB,019-81828,2008,Nestling,21-Jan-09,31-Oct-09,Unknown,,1,1,899746-WWA,1,898284-noNY,5,898256-ngOM,5,ngOM,F,0,0,0
981848-WGB,019-81848,2008,Juvenile,30-Jan-09,1-Apr-15,Died,6,1,1,*,*,*,*,*,99,,F,42,35,24
981864-AWA,019-81864,2008,Juvenile,27-Feb-09,28-Sep-09,Died,6,1,1,*,*,*,*,*,99,,F,0,0,0
981865-MYB,019-81865,2008,Adult,6-Mar-09,18-Oct-10,Died,6,1,1,*,*,*,*,*,99,,F,0,0,0
981866-WWM2,019-81866,2008,Juvenile,13-Mar-09,2-Apr-11,Died,6,1,1,*,*,*,*,*,99,,F,6,2,0
981867-MWG,019-81867,2008,Juvenile,13-Mar-09,17-May-12,Unknown,,1,1,*,*,*,*,*,99,,F,10,10,7
981869-MMW,019-81869,2008,Juvenile,20-Mar-09,1-Jan-10,Unknown,1,1,1,*,*,*,*,*,99,,F,3,3,1
981870-RAW,019-81870,2008,Juvenile,3-Apr-09,15-Oct-10,Died,6,1,1,*,*,*,*,*,99,,F,8,5,2
981872-WRM,019-81872,2008,Juvenile,9-Apr-09,25-Oct-10,Died,6,1,1,*,*,*,*,*,99,,F,0,0,0
981875-AGO,019-81875,2008,Juvenile,15-May-09,24-Jan-13,Died,6,1,1,*,*,*,*,*,99,,F,26,22,14
981882-OOM,019-81882,2008,Adult,8-Oct-09,6-Oct-14,Died,6,1,1,*,*,*,*,*,99,,F,16,9,8
981903-GAB,019-81903,2008,Adult,21-Oct-09,21-Jun-10,Died,6,1,1,*,*,*,*,*,99,,F,1,1,1
981973-MNG,019-81973,2008,Adult,23-Nov-09,15-May-14,Died,6,1,1,*,*,*,*,*,99,,F,33,32,23
982024-NMY,019-82024,2008,Adult,11-Dec-09,26-Sep-11,Died,6,1,1,*,*,*,*,*,99,,F,11,11,5
981926-YonW,019-81926,2009,Nestling,2-Nov-09,10-Jun-11,Died,2,1,1,899187-AgoY,4,833695-YnyN,7,898683-bgRR,5,bgRR,F,7,7,5
981940-WwbO,019-81940,2009,Nestling,11-Nov-09,5-Oct-12,Died,2,1,1,898332-ABR,6,898093-noRG,6,898093-noRG,6,noRG,F,2,2,0
981991-YraB,019-81991,2009,Nestling,27-Nov-09,2-Jul-15,Died,2,1,1,899799-naYO,2,898202-gbMG,6,M00091-du091,1+,du091,F,15,15,11
982012-OonM,019-82012,2009,Nestling,4-Dec-09,21-Jun-13,Died,2,1,1,899746-WWA,2,898284-noNY,6,899997-rnRY,1,rnRY,F,7,5,5
982025-MnwB,019-82025,2009,Nestling,11-Dec-09,15-Aug-11,Died,2,1,1,982024-NMY,1,899529-naGM,2,899529-naGM,2,naGM,F,4,4,2
982064-GwgR,019-82064,2009,Nestling,27-Dec-09,28-Dec-10,Died,2,1,1,899948-rnYY,1,899667-naNA,2,981834-ANW,1,ANW,F,3,0,0
982066-YwgB,019-82066,2009,Nestling,27-Dec-09,17-Mar-18,Died,2,1,1,899948-rnYY,1,899667-naNA,2,981834-ANW,1,ANW,F,40,35,20
982075-MonB,019-82075,2009,Nestling,28-Dec-09,16-Nov-12,Died,2,1,1,833590-OnyA,7,899869-arWN,1,899108-GweW,4,GweW,F,2,2,2
982076-OonG,019-82076,2009,Nestling,28-Dec-09,13-Jun-11,Died,2,1,1,833590-OnyA,7,899869-arWN,1,899108-GweW,4,GweW,F,5,4,0
982094-RonY,019-82094,2009,Nestling,1-Jan-10,22-Jul-18,Died,2,1,1,899212-OGA,4,899006-YanA,4,653422-gNAM,3+,gNAM,F,38,27,16
982101-MYR,019-82101,2009,Juvenile,6-Jan-10,19-Nov-11,Died,2,1,1,*,*,*,*,,99,,F,9,9,4
982108-OwgA,019-82108,2009,Nestling,8-Jan-10,15-Jun-13,Died,2,1,1,899702-naOR,2,898232-wrYB,6,899830-MAG,2+,MAG,F,11,11,11
982128-YonM,019-82128,2009,Nestling,18-Jan-10,27-Nov-14,Unknown,,1,1,899453-MybA,3,832702-wmYA,9,898093-noRG,6,noRG,F,12,8,6
982132-AMA,019-82132,2009,Juvenile,20-Jan-10,22-Sep-12,Died,2,1,1,*,*,*,*,,99,,F,0,0,0
982137-RWB,019-82137,2009,Juvenile,22-Jan-10,13-Jun-11,Died,2,1,1,*,*,*,*,,99,,F,7,7,5
982139-WnwO,019-82139,2009,Nestling,22-Jan-10,30-Sep-13,Dispersedoutside,,1,1,899825-MAR,2,899108-GweW,4,899108-GweW,4,GweW,F,1,1,1
982146-AonY,019-82146,2009,Nestling,1-Feb-10,14-Oct-13,Died,2,1,1,899799-naYO,2,898202-gbMG,6,M00117-du117,1+,du117,F,11,11,9
982148-OwgW,019-82148,2009,Nestling,3-Feb-10,23-Mar-11,Died,2,1,1,899720-raOB,2,833699-RgbM,7,898617-rwAR,5,rwAR,F,0,0,0
982151-AAO,019-82151,2009,Juvenile,8-Feb-10,14-Apr-14,Died,2,1,1,*,*,*,*,,99,,F,26,10,6
982152-GMW,019-82152,2009,Juvenile,8-Feb-10,6-Jun-11,Died,2,1,1,*,*,*,*,,99,,F,1,1,0
982156-YBY,019-82156,2009,Juvenile,10-Feb-10,4-Jan-11,Died,2,1,1,*,*,*,*,,99,,F,0,0,0
982157-OAR,019-82157,2009,Juvenile,10-Feb-10,26-Nov-12,Died,2,1,1,*,*,*,*,,99,,F,11,6,4
982163-WonB,019-82163,2009,Juvenile,19-Feb-10,7-Jul-11,Died,2,1,1,898242-gbAN,6,*,1+,833618-NbgM,7,NbgM,F,3,0,0
982165-MGB2,019-82165,2009,Juvenile,19-Feb-10,22-Nov-10,Died,2,1,1,*,*,*,*,,99,,F,0,0,0
982166-WRA,019-82166,2009,Juvenile,23-Feb-10,23-Jun-11,Died,2,1,1,*,*,*,*,,99,,F,7,7,6
982169-GWA,019-82169,2009,Juvenile,24-Feb-10,25-Jun-12,Died,2,1,1,*,*,*,*,,99,,F,13,13,6
982170-OGM,019-82170,2009,Juvenile,24-Feb-10,30-Nov-11,Died,2,1,1,*,*,*,*,,99,,F,10,5,0
982171-BNY,019-82171,2009,Juvenile,25-Feb-10,12-Nov-11,Died,2,1,1,*,*,*,*,,99,,F,4,4,0
982172-GAO,019-82172,2009,Juvenile,26-Feb-10,1-Dec-10,Died,2,1,1,*,*,*,*,,99,,F,0,0,0
982173-OAN3,019-82173,2009,Juvenile,4-Mar-10,18-Nov-10,Died,2,1,1,*,*,*,*,,99,,F,0,0,0
982181-OWA,019-82181,2009,Juvenile,15-Apr-10,11-Jul-11,Died,2,1,1,*,*,*,*,,99,,F,0,0,0
982184-WWY3,019-82184,2009,Juvenile,5-May-10,27-Nov-10,Died,2,1,1,*,*,*,*,,99,,F,0,0,0
982185-YOY,019-82185,2009,Juvenile,12-May-10,21-Jan-16,Died,2,1,1,*,*,*,*,,99,,F,35,33,17
982186-WMR,019-82186,2009,Juvenile,12-May-10,5-Dec-11,Died,2,1,1,*,*,*,*,,99,,F,4,4,3
982188-BNW,019-82188,2009,Juvenile,20-May-10,1-Aug-11,Died,2,1,1,*,*,*,*,,99,,F,7,4,2
982189-RNR,019-82189,2009,Juvenile,2-Jun-10,26-Jun-14,Died,2,1,1,*,*,*,*,,99,,F,21,13,11
982190-YYR,019-82190,2009,Juvenile,2-Jun-10,29-Aug-11,Died,2,1,1,*,*,*,*,,99,,F,8,4,3
982191-RRN,019-82191,2009,Adult,18-Aug-10,21-Dec-12,Died,2,1,1,*,*,*,*,,99,,F,10,2,2
982193-BBG,019-82193,2009,Adult,25-Aug-10,11-Aug-12,Died,2,1,1,*,*,*,*,,99,,F,6,6,3
982194-BYO,019-82194,2009,Adult,8-Oct-10,6-Dec-10,Died,2,1,1,*,*,*,*,,99,,F,4,4,0
982195-YAR,019-82195,2009,Adult,8-Oct-10,27-Jun-11,Died,2,1,1,*,*,*,*,,99,,F,7,4,2
982196-RAO,019-82196,2009,Adult,8-Oct-10,15-Aug-11,Died,2,1,1,*,*,*,*,,99,,F,0,0,0
982242-MBM,019-82242,2009,Adult,5-Nov-10,27-Oct-12,Died,2,1,1,*,*,*,*,,99,,F,1,1,1
982272-AWW,019-82272,2009,Adult,15-Nov-10,2-Aug-11,Died,2,1,1,*,*,*,*,,99,,F,8,8,2
982365-GBR,019-82365,2009,Adult,23-Dec-10,30-Jun-11,Died,2,1,1,*,*,*,*,,99,,F,2,2,2
982480-MAN,019-82480,2009,Adult,19-Jan-11,20-Jan-11,Died,6,1,1,*,*,*,*,,99,,F,4,4,2
598298-WAM,015-98298,2010,Adult,27-Jan-12,10-Jun-13,Died,2,1,1,*,*,*,*,*,99,,F,9,9,5
982353-BnoW,019-82353,2010,Nestling,16-Dec-10,1-Mar-12,Unknown,,1,1,981973-MNG,2,899148-RanR,5,981845-anWN,2,anWN,F,3,0,0
982361-RnoG,019-82361,2010,Nestling,20-Dec-10,21-Jun-15,Died,2,1,1,982108-OwgA,1,899108-GweW,5,899108-GweW,5,GweW,F,13,13,11
982362-NnoB,019-82362,2010,Nestling,20-Dec-10,14-Dec-11,Died,2,1,1,982108-OwgA,1,899108-GweW,5,899108-GweW,5,GweW,F,0,0,0
982363-MnoW,019-82363,2010,Nestling,20-Dec-10,30-Oct-11,Unknown,,1,1,982108-OwgA,1,899108-GweW,5,899108-GweW,5,GweW,F,0,0,0
982364-AnoN,019-82364,2010,Nestling,20-Dec-10,16-Jun-12,Died,2,1,1,982108-OwgA,1,899108-GweW,5,899108-GweW,5,GweW,F,3,3,1
982388-AryA,019-82388,2010,Nestling,29-Dec-10,26-Dec-12,Unknown,,1,1,982242-MBM,1,833618-NbgM,8,833618-NbgM,8,NbgM,F,0,0,0
982479-MawA,019-82479,2010,Fledgling,19-Jan-11,9-Oct-12,Died,2,1,1,982094-RonY,1,899420-GrgB,4,899918-rnMM,2,rnMM,F,0,0,0
982484-BryG,019-82484,2010,Nestling,21-Jan-11,4-Jul-13,Died,2,1,1,899472-AybO,4,899895-anOO,2,899830-MAG,3+,MAG,F,8,5,4
982487-GryW,019-82487,2010,Nestling,24-Jan-11,14-Apr-14,Died,2,1,1,982012-OonM,1,982100-OwgO,1,982100-OwgO,1,OwgO,F,3,3,2
982502-BnoR,019-82502,2010,Nestling,28-Jan-11,22-Jul-18,Died,2,1,1,899481-brON,4,899001-AbyA,5,899001-AbyA,5,AbyA,F,36,31,23
982524-GnoN,019-82524,2010,Nestling,2-Feb-11,10-Jun-13,Died,2,1,1,982066-YwgB,1,899946-rnBR,2,899946-rnBR,2,rnBR,F,5,5,3
982526-WAA,019-82526,2010,Juvenile,2-Feb-11,28-Oct-17,Died,2,1,1,*,*,*,*,*,99,,F,16,13,6
982529-RwnG,019-82529,2010,Nestling,4-Feb-11,8-Jul-13,Died,2,1,1,982128-YonM,1,899928-wgMO,2,899001-AbyA,5,AbyA,F,4,4,1
982532-ANG,019-82532,2010,Juvenile,4-Feb-11,18-Jun-12,Died,2,1,1,*,*,*,*,*,99,,F,3,0,0
982545-NgnB,019-82545,2010,Nestling,9-Feb-11,30-Nov-12,Died,2,1,1,982157-OAR,1,833695-YnyN,8,898249-noAN,7,noAN,F,0,0,0
982561-BGN,019-82561,2010,Juvenile,16-Feb-11,25-Sep-13,Died,2,1,1,*,*,*,*,*,99,,F,8,8,4
982579-GRW,019-82579,2010,Juvenile,23-Feb-11,4-Nov-11,Died,2,1,1,*,*,*,*,*,99,,F,0,0,0
982583-GryM,019-82583,2010,Nestling,28-Feb-11,15-Dec-13,Died,2,1,1,982191-RRN,1,899656-ogAR,3,898611-onNM,6,onNM,F,2,2,2
982595-OWR,019-82595,2010,Juvenile,2-Mar-11,4-Jul-16,Died,2,1,1,*,*,*,*,*,99,,F,16,15,12
982607-WOB,019-82607,2010,Juvenile,9-Mar-11,12-Jul-15,Died,2,1,1,*,*,*,*,*,99,,F,32,22,14
982609-RGY,019-82609,2010,Juvenile,16-Mar-11,22-Aug-13,Died,2,1,1,*,*,*,*,*,99,,F,9,6,3
982610-MarA2,019-82610,2010,Nestling,16-Mar-11,21-Jul-11,Died,2,1,1,982189-RNR,1,833168-YbgN,9,833168-YbgN,9,YbgN,F,0,0,0
982612-RarO,019-82612,2010,Nestling,16-Mar-11,4-Jul-15,Died,2,1,1,982189-RNR,1,833168-YbgN,9,899704-raNG,3,raNG,F,20,14,10
982613-NBG,019-82613,2010,Juvenile,23-Mar-11,4-Oct-12,Died,2,1,1,*,*,*,*,*,99,,F,4,2,1
982616-NBW,019-82616,2010,Adult,25-Mar-11,29-Jul-12,Died,2,1,1,*,*,*,*,*,99,,F,5,5,4
982618-YWY,019-82618,2010,Adult,6-Apr-11,6-Feb-12,Died,2,1,1,*,*,*,*,*,99,,F,3,3,2
982619-RNY,019-82619,2010,Adult,8-Apr-11,12-Feb-12,Died,2,1,1,*,*,*,*,*,99,,F,3,0,0
982620-MAA,019-82620,2010,Adult,8-Apr-11,29-Oct-12,Died,2,1,1,*,*,*,*,*,99,,F,3,0,0
982622-BYR,019-82622,2010,Juvenile,21-Apr-11,15-Jul-13,Died,2,1,1,*,*,*,*,*,99,,F,6,5,5
982625-OWN,019-82625,2010,Adult,27-Apr-11,15-Jul-13,Died,2,1,1,*,*,*,*,*,99,,F,9,9,7
982635-YRG,019-82635,2010,Juvenile,11-May-11,14-Jun-13,Died,2,1,1,*,*,*,*,*,99,,F,2,2,2
982636-YMO,019-82636,2010,Juvenile,13-May-11,24-Nov-11,Died,2,1,1,*,*,*,*,*,99,,F,3,3,1
982637-YMW,019-82637,2010,Juvenile,18-May-11,12-Nov-12,Died,2,1,1,*,*,*,*,*,99,,F,8,6,3
982638-YAO,019-82638,2010,Juvenile,18-May-11,24-Jun-13,Died,2,1,1,*,*,*,*,*,99,,F,5,5,4
982639-MRM,019-82639,2010,Juvenile,25-May-11,27-Sep-13,Died,2,1,1,*,*,*,*,*,99,,F,9,9,6
982641-RGG,019-82641,2010,Juvenile,27-May-11,28-Oct-13,Died,2,1,1,*,*,*,*,*,99,,F,3,3,3
982643-GRB,019-82643,2010,Juvenile,1-Jun-11,20-Nov-11,Died,2,1,1,*,*,*,*,*,99,,F,0,0,0
982651-MON,019-82651,2010,Juvenile,17-Jun-11,29-May-12,Died,2,1,1,*,*,*,*,*,99,,F,3,3,3
982657-RRY,019-82657,2010,Juvenile,17-Jun-11,3-Jan-16,Died,2,1,1,*,*,*,*,*,99,,F,14,10,5
982658-MNR,019-82658,2010,Adult,14-Sep-11,19-Jun-12,Died,2,1,1,*,*,*,*,*,99,,F,6,3,2
982660-OAM,019-82660,2010,Adult,28-Sep-11,25-Aug-12,Died,2,1,1,*,*,*,*,*,99,,F,0,0,0
982661-RYG,019-82661,2010,Adult,28-Sep-11,9-Sep-12,Died,2,1,1,*,*,*,*,*,99,,F,5,5,1
982664-GGN,019-82664,2010,Adult,6-Oct-11,19-Oct-11,Died,2,1,1,*,*,*,*,*,99,,F,0,0,0
982665-MMO,019-82665,2010,Adult,20-Oct-11,25-Dec-11,Unknown,,1,1,*,*,*,*,*,99,,F,0,0,0
982678-OWG,019-82678,2010,Adult,28-Oct-11,27-Jun-14,Died,2,1,1,*,*,*,*,*,99,,F,11,8,5
982679-WNR,019-82679,2010,Adult,28-Oct-11,10-Dec-11,Unknown,,1,1,*,*,*,*,*,99,,F,0,0,0
982702-YRR,019-82702,2010,Adult,11-Nov-11,22-May-13,Died,2,1,1,*,*,*,*,*,99,,F,3,3,2
982729-WRG,019-82729,2010,Adult,18-Nov-11,25-Jun-12,Died,2,1,1,*,*,*,*,*,99,,F,3,1,1
982744-MMA,019-82744,2010,Adult,25-Nov-11,19-Jan-12,Unknown,,1,1,*,*,*,*,*,99,,F,0,0,0
982770-NGM,019-82770,2010,Adult,2-Dec-11,11-Dec-11,Died,2,1,1,*,*,*,*,*,99,,F,0,0,0
982771-WYG,019-82771,2010,Adult,2-Dec-11,7-Oct-14,Died,2,1,1,*,*,*,*,*,99,,F,21,18,0
982794-YOR,019-82794,2010,Adult,9-Dec-11,22-Mar-12,Died,2,1,1,*,*,*,*,*,99,,F,0,0,0
A30044-GRO,01A-30044,2010,Adult,26-Sep-12,7-Sep-13,Died,2,1,1,*,*,*,*,*,99,,F,7,4,3
982681-nyNA,019-82681,2011,Nestling,28-Oct-11,20-Oct-14,Died,2,1,1,898591-weAR,7,982047-OwgM,2,M00100-du100,1+,du100,F,6,3,1
982682-rgMM,019-82682,2011,Nestling,4-Nov-11,21-Jun-19,Died,2,1,1,982146-AonY,2,899131-GwrG,6,899496-OrnA,5,OrnA,F,28,28,18
982705-boYG,019-82705,2011,Nestling,11-Nov-11,11-Jan-12,Unknown,,1,1,982625-OWN,1,899005-RanG,6,982225-BryN,1,BryN,F,0,0,0
982725-rgNN,019-82725,2011,Nestling,16-Nov-11,8-Mar-14,Died,2,1,1,981991-YraB,2,982337-BawY,1,899946-rnBR,3,rnBR,F,5,0,0
982804-awRM,019-82804,2011,Nestling,16-Dec-11,9-Aug-15,Died,2,1,1,833590-OnyA,9,899551-raBM,4,982440-BawG,1,BawG,F,16,10,4
982825-TYM,019-82825,2011,Nestling,29-Dec-11,24-May-13,Died,2,1,1,899495-RBN,6,899264-MgoY,6,899433-ArnY,5,ArnY,F,2,2,2
982865-boAR,019-82865,2011,Nestling,9-Jan-12,6-Jul-17,Died,2,1,1,982484-BryG,1,982501-AnoY,1,982501-AnoY,1,AnoY,F,26,18,9
982869-gnWG,019-82869,2011,Nestling,9-Jan-12,20-Oct-13,Died,2,1,1,982157-OAR,2,899575-wbMM,4,898249-noAN,8,noAN,F,0,0,0
982874-TYA,019-82874,2011,Nestling,11-Jan-12,29-Jun-15,Died,2,1,1,982189-RNR,2,899704-raNG,4,982072-GnwG,2,GnwG,F,8,8,4
A30003-nyGO,01A-30003,2011,Nestling,3-Feb-12,13-Jul-13,Died,2,1,1,982613-NBG,1,898377-onWA,7,899264-MgoY,6,MgoY,F,3,3,2
A30010-RMG,01A-30010,2011,Adult,13-Feb-12,16-Jun-14,Died,2,1,1,*,*,*,*,*,99,,F,3,3,3
A30012-OAA,01A-30012,2011,Adult,13-Feb-12,5-Mar-15,Died,2,1,1,*,*,*,*,*,99,,F,10,7,5
A30013-WBB,01A-30013,2011,Adult,13-Feb-12,20-May-13,Died,2,1,1,*,*,*,*,*,99,,F,2,0,0
A30027-ANR,01A-30027,2011,Adult,11-Dec-12,7-Oct-13,Died,2,1,1,*,*,*,*,*,99,,F,0,0,0
A30029-WGY,01A-30029,2011,Adult,16-May-12,7-Jan-16,Died,2,1,1,*,*,*,*,*,99,,F,8,8,6
A30031-WMW2,01A-30031,2011,Adult,23-May-12,4-Oct-12,Died,2,1,1,*,*,*,*,*,99,,F,0,0,0
A30032-NGR,01A-30032,2011,Adult,30-May-12,9-Nov-12,Unknown,,1,1,*,*,*,*,*,99,,F,0,0,0
A30033-WOA,01A-30033,2011,Adult,30-May-12,4-Aug-14,Died,2,1,1,*,*,*,*,*,99,,F,4,4,3
A30034-NBA,01A-30034,2011,Adult,6-Jun-12,25-Jul-15,Died,2,1,1,*,*,*,*,*,99,,F,6,3,3
A30035-MGA,01A-30035,2011,Adult,13-Jun-12,20-Dec-12,Died,2,1,1,*,*,*,*,*,99,,F,6,3,0
A30037-T__,01A-30037,2011,Juvenile,20-Jun-12,27-Aug-16,Died,2,1,1,*,*,*,*,*,99,,F,14,13,8
A30038-OMN,01A-30038,2011,Adult,4-Jul-12,4-Jul-13,Died,2,1,1,*,*,*,*,*,99,,F,1,1,1
A30039-NYB,01A-30039,2011,Juvenile,18-Jul-12,5-Aug-13,Died,2,1,1,*,*,*,*,*,99,,F,3,3,3
A30041-WNB,01A-30041,2011,Adult,8-Aug-12,10-Jul-18,Died,2,1,1,*,*,*,*,*,99,,F,25,20,9
A30043-NYG,01A-30043,2011,Adult,12-Sep-12,25-May-13,Died,2,1,1,*,*,*,*,*,99,,F,4,1,1
A30046-YMR,01A-30046,2011,Adult,3-Oct-12,28-Aug-14,Died,2,1,1,*,*,*,*,*,99,,F,8,5,3
A30047-RYR,01A-30047,2011,Adult,3-Oct-12,25-Oct-12,Died,2,1,1,*,*,*,*,*,99,,F,0,0,0
A30054-RMR,01A-30054,2011,Adult,17-Oct-12,8-Jun-13,Died,2,1,1,*,*,*,*,*,99,,F,3,3,1
A30056-MBG,01A-30056,2011,Adult,17-Oct-12,1-Dec-13,Died,2,1,1,*,*,*,*,*,99,,F,6,3,1
A30064-ONB,01A-30064,2011,Adult,24-Oct-12,27-May-13,Died,2,1,1,*,*,*,*,*,99,,F,3,0,0
A30105-NRM,01A-30105,2011,Adult,14-Nov-12,13-Feb-13,Died,2,1,1,*,*,*,*,*,99,,F,3,1,0
A30175-NYR,01A-30175,2011,Adult,5-Dec-12,24-Oct-13,Died,2,1,1,*,*,*,*,*,99,,F,3,3,0
A30204-NMO,01A-30204,2011,Adult,12-Dec-12,12-Jul-14,Died,2,1,1,*,*,*,*,*,99,,F,2,0,0
A30215-Maw,01A-30215,2011,Adult,19-Dec-12,23-Jun-17,Died,2,1,1,*,*,*,*,*,99,,F,26,17,6
A30291-OOR,01A-30291,2011,Adult,11-Jan-13,19-Aug-13,Died,2,1,1,*,*,*,*,*,99,,F,3,0,0
A30297-RNG,01A-30297,2011,Adult,15-Jan-13,17-Jun-13,Died,2,1,1,*,*,*,*,*,99,,F,3,3,1
A30304-MGM,01A-30304,2011,Adult,17-Jan-13,19-Dec-13,Died,2,1,1,*,*,*,*,*,99,,F,3,3,0
A30114-grYR,01A-30114,2012,Nestling,19-Nov-12,4-Jul-16,Died,2,1,1,982361-RnoG,2,899264-MgoY,7,898797-YweY,7,YweY,F,8,4,1
A30121-grWO,01A-30121,2012,Nestling,26-Nov-12,7-Nov-14,Died,2,1,1,A30043-NYG,1,982863-nyMO,1,982863-nyMO,1,nyMO,F,0,0,0
A30123-ynOY,01A-30123,2012,Nestling,26-Nov-12,14-Nov-13,Unknown,,1,1,982612-RarO,2,A30030-GMN,2+,M00113-du113,1+,du113,F,0,0,0
A30127-ngOW,01A-30127,2012,Nestling,26-Nov-12,30-Aug-15,Died,2,1,1,982678-OWG,2,982002-RwbA,3,982002-RwbA,3,RwbA,F,7,7,6
A30141-grMA,01A-30141,2012,Nestling,28-Nov-12,30-Aug-15,Died,2,1,1,982561-BGN,2,982273-WryW,2,899041-NwrA,7,NwrA,F,6,6,5
A30146-ngGR,01A-30146,2012,Nestling,30-Nov-12,15-Mar-14,Died,2,1,1,982151-AAO,3,982413-MnoA,2,899199-OgoY,7,OgoY,F,1,0,0
A30171-ynWA,01A-30171,2012,Nestling,3-Dec-12,10-Jul-19,Died,2,1,1,982487-GryW,2,898592-weNG,8,899724-nrBA,5,nrBA,F,33,27,21
A30173-ngNA,01A-30173,2012,Nestling,3-Dec-12,2-Apr-19,Died,2,1,1,982682-rgMM,1,982621-MBB,2,982621-MBB,2,MBB,F,23,17,12
A30179-grNO,01A-30179,2012,Nestling,5-Dec-12,1-Jun-15,Died,2,1,1,A30037-T__,1,899551-raBM,5,899551-raBM,5,raBM,F,3,3,2
A30236-grBR,01A-30236,2012,Nestling,21-Dec-12,15-May-14,Died,2,1,1,A30014-YNA,1+,982867-boGN,1,982780-boMR,1,boMR,F,3,3,0
A30292-waBY,01A-30292,2012,Fledgling,15-Jan-13,10-Jul-15,Died,2,1,1,982108-OwgA,3,982433-BngM,2,899199-OgoY,7,OgoY,F,6,6,4
A30299-ynGN,01A-30299,2012,Nestling,15-Jan-13,5-Nov-14,Died,2,1,1,899828-YMA,5,898559-weWY,8,899704-raNG,5,raNG,F,3,3,0
A30307-NNO,01A-30307,2012,Juvenile,25-Jan-13,9-Jun-14,Died,2,1,1,*,*,*,*,*,99,,F,2,2,0
A30316-ORO,01A-30316,2012,Juvenile,1-Feb-13,2-Oct-16,Died,2,1,1,*,*,*,*,*,99,,F,18,11,5
A30329-WYM,01A-30329,2012,Juvenile,13-Mar-13,6-Dec-14,Died,2,1,1,*,*,*,*,*,99,,F,3,3,2
A30330-WOR,01A-30330,2012,Juvenile,20-Mar-13,30-Jan-14,Died,2,1,1,*,*,*,*,*,99,,F,3,3,0
A30333-OBY,01A-30333,2012,Juvenile,27-Mar-13,14-Apr-14,Died,2,1,1,*,*,*,*,*,99,,F,3,3,0
A30335-ANW,01A-30335,2012,Adult,17-Apr-13,12-Oct-14,Died,2,1,1,*,*,*,*,*,99,,F,4,2,0
A30338-YOM,01A-30338,2012,Adult,7-May-13,22-Feb-19,Died,2,1,1,*,*,*,*,*,99,,F,15,12,9
A30345-NNB,01A-30345,2012,Juvenile,19-Jun-13,15-Dec-13,Died,2,1,1,*,*,*,*,*,99,,F,0,0,0
A30358-RYY,01A-30358,2012,Adult,30-Oct-13,27-Feb-17,Unknown,,1,1,*,*,*,*,*,99,,F,27,14,8
A30409-BMA,01A-30409,2012,Adult,13-Nov-13,27-Jul-17,Died,2,1,1,*,*,*,*,*,99,,F,17,12,9
A30428-GAM,01A-30428,2012,Adult,20-Nov-13,11-Jul-15,Died,2,1,1,*,*,*,*,*,99,,F,6,6,6
A58003-GMO,01A-58003,2012,Adult,11-Dec-13,28-Dec-13,Died,1,1,1,*,*,*,*,*,99,,F,0,0,0
A30460-RrbO,01A-30460,2013,Nestling,3-Dec-13,1-Dec-14,Died,2,1,1,981882-OOM,5,982887-awNW,2,982598-MnoB,3,MnoB,F,0,0,0
A30461-ArwM,01A-30461,2013,Nestling,3-Dec-13,28-Mar-17,Died,2,1,1,982361-RnoG,3,982154-OnwA,4,982154-OnwA,4,OnwA,F,14,14,8
A30463-WrwR,01A-30463,2013,Nestling,3-Dec-13,21-Jan-15,Died,2,1,1,982361-RnoG,3,982154-OnwA,4,898797-YweY,8,YweY,F,4,0,0
A30465-GTY,01A-30465,2013,Nestling,3-Dec-13,6-Jul-15,Died,2,1,1,982607-WOB,3,982099-NwgW,4,A58396-BOR,2+,BOR,F,0,0,0
A30470-MTN,01A-30470,2013,Nestling,4-Dec-13,29-Oct-16,Died,2,1,1,A30467-NNG,1+,A30466-YBY,2+,A30466-YBY,2+,YBY,F,3,3,2
A30475-ATM,01A-30475,2013,Nestling,4-Dec-13,14-Mar-15,Died,2,1,1,982189-RNR,4,899704-raNG,6,899704-raNG,6,raNG,F,3,3,0
A30487-OrbO,01A-30487,2013,Nestling,9-Dec-13,9-Mar-18,Died,2,1,1,982066-YwgB,4,982072-GnwG,4,899704-raNG,6,raNG,F,18,15,12
A58042-RynY,01A-58042,2013,Nestling,24-Dec-13,10-Jul-15,Died,2,1,1,982595-OWR,3,982617-YBW,3,899704-raNG,6,raNG,F,3,0,0
A58050-OTG,01A-58050,2013,Nestling,27-Dec-13,1-Aug-15,Died,2,1,1,A30033-WOA,2,981983-WraN,4,982884-awWR,2,awWR,F,6,6,3
A58081-GTO,01A-58081,2013,Nestling,10-Jan-14,11-Jun-18,Died,2,1,1,A30014-YNA,2+,982501-AnoY,3,A30104-ngWW,1,ngWW,F,15,7,7
A58085-YrbR,01A-58085,2013,Fledgling,15-Jan-14,16-Jan-14,Died,2,1,1,*,*,*,*,*,99,,F,0,0,0
A58093-AAG,01A-58093,2013,Juvenile,22-Jan-14,19-Oct-16,Died,2,1,1,*,*,*,*,*,99,,F,2,2,1
A58096-MgrY,01A-58096,2013,Nestling,22-Jan-14,13-Apr-15,Died,2,1,1,A30010-RMG,2,982788-nyAG,2,982788-nyAG,2,nyAG,F,2,2,2
A58097-GBG,01A-58097,2013,Juvenile,22-Jan-14,19-Jul-17,Died,2,1,1,*,*,*,*,*,99,,F,7,0,0
A58099-MrwO,01A-58099,2013,Nestling,28-Jan-14,26-Mar-17,Died,2,1,1,982865-boAR,2,982808-gnMM,2,982072-GnwG,4,GnwG,F,7,6,6
A58101-ONN,01A-58101,2013,Juvenile,29-Jan-14,22-Jun-18,Died,2,1,1,*,*,*,*,*,99,,F,14,11,4
A58104-AAW,01A-58104,2013,Juvenile,12-Feb-14,11-Oct-16,Died,2,1,1,*,*,*,*,*,99,,F,9,9,8
A58107-BMO,01A-58107,2013,Juvenile,13-Mar-14,23-Sep-15,Died,2,1,1,*,*,*,*,*,99,,F,3,3,0
A58109-ABB,01A-58109,2013,Juvenile,20-Mar-14,3-Oct-15,Died,2,1,1,*,*,*,*,*,99,,F,3,3,3
A58110-BBW,01A-58110,2013,Juvenile,2-Apr-14,,Living,2,1,1,*,*,*,*,*,99,,F,29,25,19
A58112-MGR,01A-58112,2013,Adult,3-Sep-14,22-Jun-18,Died,2,1,1,*,*,*,*,*,99,,F,14,3,3
A58210-RWN,01A-58210,2013,Adult,5-Dec-14,,Living,2,1,1,*,*,*,*,*,99,,F,20,10,6
A58269-NYM,01A-58269,2013,Adult,24-Dec-14,27-Feb-16,Died,2,1,1,*,*,*,*,*,99,,F,3,0,0
A58306-RRG,01A-58306,2013,Adult,5-Jan-15,20-Nov-15,Died,2,1,1,*,*,*,*,*,99,,F,2,2,2
A58346-YNM,01A-58346,2013,Adult,19-Jan-15,17-Aug-15,Died,2,1,1,*,*,*,*,*,99,,F,5,5,1
A58197-ONwr,01A-58197,2014,Nestling,26-Nov-14,12-Jul-18,Died,2,1,1,982682-rgMM,3,A30250-ngYN,2,982002-RwbA,5,RwbA,F,11,10,8
A58216-AOno,01A-58216,2014,Nestling,8-Dec-14,7-Aug-16,Died,2,1,1,A30171-ynWA,2,982074-NnwA,5,982074-NnwA,5,NnwA,F,0,0,0
A58226-MNbw,01A-58226,2014,Nestling,10-Dec-14,20-Jun-18,Died,2,1,1,A30012-OAA,3,982672-nyMM,3,982218-RarG,4,RarG,F,18,15,9
A58258-RNgn,01A-58258,2014,Nestling,19-Dec-14,8-Mar-19,Died,2,1,1,A58110-BBW,1,898377-onWA,10,982369-NryO,4,NryO,F,16,16,14
A58275-ABrb,01A-58275,2014,Nestling,24-Dec-14,27-Dec-16,Died,2,1,1,A30179-grNO,2,899575-wbMM,7,982855-TRB,3,TRB,F,7,7,5
A58361-OOrb,01A-58361,2014,Nestling,23-Jan-15,10-Jan-16,Died,2,1,1,981848-WGB,6,981834-ANW,6,982857-TMR,3,TMR,F,3,3,3
A58391-RYwr,01A-58391,2014,Nestling,6-Feb-15,21-Jun-18,Unknown,2,1,1,A30316-ORO,2,982598-MnoB,4,982598-MnoB,4,MnoB,F,7,6,4
A58404-BBY,01A-58404,2014,Juvenile,12-Mar-15,10-Aug-17,Died,2,1,1,*,*,*,*,*,99,,F,15,7,3
A58406-WMN,01A-58406,2014,Juvenile,25-Mar-15,30-Jun-18,Died,2,1,1,*,*,*,*,*,99,,F,13,12,4
A58411-WBW,01A-58411,2014,Juvenile,2-Apr-15,21-May-18,Died,2,1,1,*,*,*,*,*,99,,F,16,11,5
A58415-YOG,01A-58415,2014,Juvenile,29-Apr-15,10-Jul-18,Died,2,1,1,*,*,*,*,*,99,,F,15,7,5
A58417-GBB,01A-58417,2014,Juvenile,15-May-15,,Living,2,1,1,*,*,*,*,*,99,,F,17,17,14
A58418-MNA,01A-58418,2014,Juvenile,20-May-15,18-Oct-17,Died,1,1,1,*,,*,,*,99,,F,7,7,3
A58421-YRN,01A-58421,2014,Juvenile,20-May-15,4-Jul-16,Died,2,1,1,*,*,*,*,*,99,,F,3,3,2
A58422-OAN,01A-58422,2014,Juvenile,27-May-15,19-Jul-17,Died,2,1,1,*,*,*,*,*,99,,F,8,8,7
A58424-BOM,01A-58424,2014,Juvenile,29-May-15,17-Mar-18,Died,2,1,1,982066-YwgB,5,982072-GnwG,5,982072-GnwG,5,GnwG,F,9,9,9
A58426-RNM,01A-58426,2014,Juvenile,12-Jun-15,21-May-16,Died,2,1,1,*,*,*,*,*,99,,F,5,2,2
A58428-RAY,01A-58428,2014,Juvenile,19-Jun-15,3-Jun-18,Died,2,1,1,*,*,*,*,*,99,,F,9,9,7
A58430-MBN,01A-58430,2014,Juvenile,3-Jul-15,26-Feb-17,Died,2,1,1,*,*,*,*,*,99,,F,12,10,9
A58432-GWG,01A-58432,2014,Juvenile,6-Aug-15,31-Oct-16,Died,2,1,1,*,*,*,*,*,99,,F,0,0,0
A58434-AAN,01A-58434,2014,Juvenile,2-Sep-15,18-Oct-17,Died,2,1,1,*,*,*,*,*,99,,F,7,7,4
A58471-sBrb,01A-58471,2014,Adult,11-Nov-15,3-Apr-17,Living,2,1,1,*,*,*,*,*,99,,F,3,0,0
A58493-sBow,01A-58493,2014,Adult,17-Nov-15,30-Aug-17,Died,2,1,1,*,*,*,*,*,99,,F,13,9,6
A58556-hARnr,01A-58556,2014,Adult,9-Feb-16,8-Oct-16,Died,2,1,1,*,*,*,*,*,99,,F,0,0,0
A58559-hTyn,01A-58559,2014,Adult,3-Mar-16,11-Jul-16,Died,2,1,1,*,*,*,*,*,99,,F,8,4,4
A58671-jMgn,01A-58671,2014,Adult,18-Dec-15,26-May-18,Died,2,1,1,*,*,*,*,*,99,,F,18,18,11
A58443-sBry,01A-58443,2015,Nestling,30-Oct-15,3-Sep-17,Died,2,1,1,982502-BnoR,5,A30248-grWM,3,A30134-waBO,3,waBO,F,4,1,1
A58447-sGyn,01A-58447,2015,Nestling,30-Oct-15,16-May-17,Died,2,1,1,982185-YOY,6,982433-BngM,5,A30293-waNA,3,waNA,F,5,3,2
A58503-hNbo,01A-58503,2015,Nestling,30-Dec-15,3-Jun-18,Died,2,1,1,982595-OWR,5,982617-YBW,5,899972-rnWR,7,rnWR,F,9,8,8
A58504-hARba,01A-58504,2015,Nestling,30-Dec-15,25-May-17,Died,2,1,1,982595-OWR,5,982617-YBW,5,899704-raNG,8,raNG,F,6,6,6
A58560-hRWrg,01A-58560,2015,Juvenile,3-Mar-16,10-Jul-17,Died,2,1,1,*,*,*,*,*,99,,F,3,3,3
A58564-hMgw,01A-58564,2015,Juvenile,17-Mar-16,13-Jan-18,Died,2,1,1,*,*,*,*,*,99,,F,10,7,2
A58573-hYwg,01A-58573,2015,Adult,28-Sep-16,10-Dec-16,Died,2,1,1,*,,*,,*,99,,F,0,0,0
A58574-hRWan,01A-58574,2015,Adult,11-Nov-16,17-Nov-16,Died,2,1,1,*,,*,,*,99,,F,0,0,0
A58577-hMba,01A-58577,2015,Adult,29-Nov-16,22-Jul-18,Died,2,1,1,*,,*,,*,99,,F,8,7,2
A58578-hMyn,01A-58578,2015,Adult,14-Dec-16,15-Apr-18,Died,2,1,1,*,,*,,*,99,,F,5,5,4
A58579-hBgn,01A-58579,2015,Adult,19-Dec-16,21-Jun-18,Died,2,1,1,*,,*,,*,99,,F,5,5,2
A58691-jMow,01A-58691,2015,Nestling,23-Dec-15,22-Jul-18,Died,2,1,1,982526-WAA,5,982780-boMR,4,A30104-ngWW,3,ngWW,F,5,3,2
A58692-jARar,01A-58692,2015,Nestling,27-Dec-15,,Living,2,1,1,A58210-RWN,2,A30089-waYO,3,982074-NnwA,6,NnwA,F,13,11,10
A59050-zOgr,01A-59050,2015,Adult,1-Jun-17,11-Aug-17,Died,2,1,1,,,,,,99,,F,4,4,2
A58822-pBrw,01A-58822,2016,Nestling,9-Dec-16,23-Jun-18,Died,,1,1,A58504-hARba,1,899704-raNG,9,982072-GnwG,7,GnwG,F,0,0,0
A58838-pBWny,01A-58838,2016,Nestling,24-Dec-16,22-Jul-18,Unknown,,1,1,A58434-AAN,2,A58580-hWar,1,982358-MryA,6,MryA,F,2,0,0
A58845-pGbg,01A-58845,2016,Nestling,28-Dec-16,,Living,,1,1,A58197-ONwr,2,A58289-NRwr,2,A58319-YYbw,2,YYbw,F,5,3,1
A58882-pWogo,01A-58882,2016,Nestling,2-Jan-17,27-Jan-18,Dispersedoutside,,1,1,A30173-ngNA,4,A58169-MYG,3,A58330-MAno,2,MAno,F,0,0,0
A58893-pGNyr,01A-58893,2016,Nestling,6-Jan-17,25-Dec-17,Unknown,,1,1,982066-YwgB,7,982072-GnwG,7,982072-GnwG,7,GnwG,F,0,0,0
A58897-pGNrn,01A-58897,2016,Nestling,6-Jan-17,8-Jul-18,Unknown,,1,1,A30171-ynWA,4,982074-NnwA,7,A58319-YYbw,2,YYbw,F,0,0,0
A58899-pBWwvw,01A-58899,2016,Nestling,6-Jan-17,19-Dec-17,Died,,1,1,A58503-hNbo,1,899575-wbMM,9,982154-OnwA,7,OnwA,F,2,2,2
A58900-pGNny,01A-58900,2016,Nestling,6-Jan-17,,Living,,1,1,A58503-hNbo,1,899575-wbMM,9,899575-wbMM,9,wbMM,F,3,3,2
A58908-fBab,01A-58908,2016,Nestling,9-Jan-17,,Living,,1,1,A58424-BOM,2,A58484-sOnr,1,A58484-sOnr,1,sOnr,F,2,2,1
A58924-fGyr,01A-58924,2016,Nestling,13-Jan-17,,Living,,1,1,A59050-zOgr,1,A58599-hRWnw,1,A58058-RrbR,3,RrbR,F,6,6,3
A58954-fGny,01A-58954,2016,Nestling,20-Jan-17,22-Jan-19,Died,,1,1,982865-boAR,5,A58079-GgrN,3,982072-GnwG,7,GnwG,F,3,3,0
A58962-fYra,01A-58962,2016,Nestling,20-Jan-17,3-Nov-17,Unknown,,1,1,A30461-ArwM,3,A58260-GOwr,2,A30444-RNN,4,RNN,F,0,0,0
A58966-fWng,01A-58966,2016,Juvenile,25-Jan-17,20-Apr-19,Died,,1,1,,,,,,99,,F,9,9,6
A58967-fYgr,01A-58967,2016,Nestling,25-Jan-17,,Living,,1,1,A58417-GBB,2,A58058-RrbR,3,982855-TRB,5,TRB,F,0,0,0
A58982-fBwo,01A-58982,2016,Juvenile,31-Jan-17,,Living,,1,1,,,,,,99,,F,3,3,3
A58990-fGra,01A-58990,2016,Nestling,31-Jan-17,31-Aug-18,Unknown,,1,1,A58112-MGR,3,A58111-BWO,3,982072-GnwG,7,GnwG,F,0,0,0
A59008-zOwn,01A-59008,2016,Nestling,16-Feb-17,,Living,,1,1,A58493-sBow,2,A58563-hARgn,1,A58058-RrbR,3,RrbR,F,3,3,1
A59012-zOogo,01A-59012,2016,Nestling,16-Feb-17,30-Mar-19,Dispersedoutside,,1,1,A58110-BBW,3,982154-OnwA,7,982851-TAR,5,TAR,F,3,0,0
A59014-zOob,01A-59014,2016,Juvenile,7-Mar-17,,Living,,1,1,,,,,,99,,F,4,4,4
A59016-zYwo,01A-59016,2016,Juvenile,9-Mar-17,,Living,,1,1,,,,,,99,,F,5,5,3
A59020-zNny,01A-59020,2016,Juvenile,16-Mar-17,28-Jul-18,Died,,1,1,,,,,,99,,F,4,1,1
A59021-zGra,01A-59021,2016,Juvenile,16-Mar-17,,Living,,1,1,,,,,,99,,F,3,3,1
A59022-zMrg,01A-59022,2016,Juvenile,22-Mar-17,21-May-19,Died,,1,1,,,,,,99,,F,7,7,5
A59024-zGyb,01A-59024,2016,Juvenile,23-Mar-17,30-Aug-18,Died,,1,1,,,,,,99,,F,5,2,1
A59025-zNab,01A-59025,2016,Juvenile,4-Apr-17,,Living,,1,1,,,,,,99,,F,4,4,4
A59026-zByb,01A-59026,2016,Juvenile,5-May-17,20-Jul-18,Unknown,,1,1,,,,,,99,,F,6,3,2
A59028-zGyr,01A-59028,2016,Juvenile,5-May-17,,Living,,1,1,,,,,,99,,F,3,3,3
A59030-zGbr,01A-59030,2016,Fledgling,11-May-17,10-Jul-18,Died,6,1,1,,,,,,99,,F,0,0,0
A59031-zBny,01A-59031,2016,Fledgling,17-May-17,,Living,1,1,1,,,,,,99,,F,8,8,5
A59046-zGng,01A-59046,2016,Juvenile,25-May-17,14-Jul-18,Unknown,,1,1,,,,,,99,,F,6,6,0
A59048-zOab,01A-59048,2016,Juvenile,25-May-17,,Living,,1,1,,,,,,99,,F,6,3,3
A59049-zNob,01A-59049,2016,Juvenile,1-Jun-17,24-Dec-17,Dispersedoutside,,1,1,,,,,,99,,F,3,3,0
A59051-zBgw,01A-59051,2016,Adult,21-Sep-17,6-Apr-19,Died,,1,1,*,,*,,,99,,F,14,10,2
A59052-zWny,01A-59052,2016,Adult,17-Oct-17,21-Jun-18,Unknown,,1,1,*,,*,,,99,,F,3,0,0
A59056-zMbr,01A-59056,2016,Adult,14-Nov-17,,Living,,1,1,*,,*,,,99,,F,6,2,1
A59059-zOna,01A-59059,2016,Adult,24-Nov-17,28-Jun-18,Died,,1,1,*,,*,,,99,,F,4,0,0
A59061-zYrw,01A-59061,2016,Adult,27-Nov-17,29-Nov-17,Died,,1,1,*,,*,,,99,,F,4,0,0
A59063-zWyb,01A-59063,2016,Adult,8-Dec-17,,Living,,1,1,*,,*,,,99,,F,5,5,4
A59064-zYwn,01A-59064,2016,Adult,2-Jan-18,,Living,,1,1,*,,*,,,99,,F,11,7,7
A59068-zYogo,01A-59068,2016,Adult,16-Feb-18,15-Jun-18,Unknown,,1,1,*,,*,,,99,,F,0,0,0
A59183-lNYow,01A-59183,2017,Nestling,1-Dec-17,,Living,,1,1,A58966-fWng,1,A58548-hBgb,2,A58548-hBgb,2,hBgb,F,3,3,3
A59232-cWar,01A-59232,2017,Nestling,26-Dec-17,,Living,,1,1,A58081-GTO,4,A59060-zMrw,1,A59060-zMrw,1,zMrw,F,3,3,1
A59233-cMnr,01A-59233,2017,Nestling,26-Dec-17,,Living,,1,1,A58081-GTO,4,A59060-zMrw,1,A59060-zMrw,1,zMrw,F,0,0,0
A59239-cOan,01A-59239,2017,Nestling,26-Dec-17,,Living,,1,1,A58424-BOM,3,A58796-uNRwo,1,A58813-pMbg,1,pMbg,F,0,0,0
A59242-cGgn,01A-59242,2017,Nestling,26-Dec-17,,Living,,1,1,A59063-zWyb,1,A58909-fMrn,1,A58909-fMrn,1,fMrn,F,0,0,0
A59334-sWra,01A-59334,2017,Juvenile,30-Jan-18,,Living,,1,1,*,*,*,*,,99,,F,3,3,1
A59349-sOwo,01A-59349,2017,Juvenile,23-Feb-18,,Living,,1,1,*,*,*,*,,99,,F,3,3,2
A59357-sNab,01A-59357,2017,Juvenile,15-Mar-18,,Living,,1,1,*,*,*,*,,99,,F,3,3,1
A59361-sYq,01A-59361,2017,Adult,19-Oct-18,28-Apr-19,Died,,1,1,,,,,,99,,F,3,2,0
A59364-sBa,01A-59364,2017,Adult,23-Nov-18,,Living,,1,1,,,,,,99,,F,6,6,1
A59365-sGr,01A-59365,2017,Adult,26-Nov-18,,Living,,1,1,,,,,,99,,F,5,3,0
023871-RWG,010-23871,<1981,Adult,29-Aug-81,9-Apr-89,Died,4,1,1,*,*,*,*,*,99,,F,9,7,7
476408-MMN,014-76408,<1986,Adult,26-Nov-86,28-Oct-93,Died,6,1,1,*,*,*,*,*,99,,F,32,23,19
476409-BRR,014-76409,<1986,Adult,28-Nov-86,19-Mar-89,Died,4,1,1,*,*,*,*,*,99,,F,6,4,4
476419-_NB,014-76419,<1986,Adult,13-Jan-87,2-Oct-88,Died,4,1,1,*,*,*,*,*,99,,F,2,2,2
529303-BGY,015-29303,<1986,Adult,14-Jan-87,1-Nov-94,Died,6,1,1,*,*,*,*,*,99,,F,19,12,10
543760-BMY1,015-43760,<1986,Adult,11-Mar-87,1-Mar-92,Died,6,1,1,*,*,*,*,*,99,,F,10,8,5
543762-MMM,015-43762,<1986,Adult,26-Mar-87,9-Sep-95,Died,6,1,1,*,*,*,*,*,99,,F,35,28,14
478199-GWN,014-78199,<1987,Adult,18-Dec-87,20-Sep-88,Died,4,1,1,*,*,*,*,*,99,,F,3,0,0
478206-GBM,014-78206,<1987,Adult,18-Dec-87,15-Jan-89,Died,4,1,1,*,*,*,*,*,99,,F,5,5,3
543756-OOG,015-43756,<1987,Adult,11-Mar-87,18-Mar-90,Died,4,1,1,*,*,*,*,*,99,,F,3,3,2
543783-ROM,015-43783,<1987,Adult,20-Oct-87,16-Sep-90,Died,4,1,1,*,*,*,*,*,99,,F,8,8,7
543800-RBB,015-43800,<1987,Adult,16-Dec-87,26-Mar-89,Died,4,1,1,*,*,*,*,*,99,,F,11,7,4
543809-ORB,015-43809,<1987,Adult,25-Feb-87,14-Sep-94,Died,6,1,1,*,*,*,*,*,99,,F,34,26,19
543826-RGB,015-43826,<1987,Adult,16-Dec-87,13-Sep-90,Died,4,1,1,*,*,*,*,*,99,,F,9,9,8
574507-GMB,015-74507,<1987,Adult,3-May-88,1-Nov-89,Died,4,1,1,*,*,*,*,*,99,,F,6,6,4
574531-NMN,015-74531,<1987,Adult,22-Sep-88,11-Jun-89,Died,4,1,1,*,*,*,*,*,99,,F,4,4,2
574728-YBO,015-74728,<1987,Adult,19-Feb-88,11-Feb-90,Died,4,1,1,*,*,*,*,*,99,,F,19,13,12
574741-BRN,015-74741,<1987,Adult,23-Feb-88,22-Nov-93,Died,6,1,1,*,*,*,*,*,99,,F,35,29,22
574744-BNM,015-74744,<1987,Adult,24-Feb-88,25-Nov-90,Died,4,1,1,*,*,*,*,*,99,,F,16,12,10
574746-BON,015-74746,<1987,Adult,24-Feb-88,13-Nov-88,Died,4,1,1,*,*,*,*,*,99,,F,1,1,1
574750-BYN,015-74750,<1987,Adult,25-Feb-88,8-Jul-90,Died,4,1,1,*,*,*,*,*,99,,F,13,9,9
574785-MOR,015-74785,<1987,Adult,18-Mar-88,9-Dec-89,Died,4,1,1,*,*,*,*,*,99,,F,8,8,4
574800-GRY,015-74800,<1987,Adult,3-May-88,13-Jun-93,Died,6,1,1,*,*,*,*,*,99,,F,28,28,23
579710-NWO,015-79710,<1987,Adult,17-Mar-89,28-Dec-91,Died,4,1,1,*,*,*,*,*,99,,F,21,15,14
596771-MYO,015-96771,<1987,Adult,14-Feb-89,20-Dec-90,Died,4,1,1,*,*,*,*,*,99,,F,10,4,4
596785-MYM,015-96785,<1987,Adult,27-Apr-89,10-Oct-93,Died,6,1,1,*,*,*,*,*,99,,F,28,15,8
626733-ONW,016-26733,<1987,Adult,5-Jun-90,28-Jun-92,Died,4,1,1,*,*,*,*,*,99,,F,25,15,8
568378-BMY2,015-68378,<1988,Adult,22-Feb-88,22-Nov-93,Died,4,1,1,*,*,*,*,*,99,,F,23,12,6
574513-OGN,015-74513,<1988,Adult,11-May-88,10-Apr-89,Died,4,1,1,*,*,*,*,*,99,,F,8,4,4
574779-RMN,015-74779,<1988,Adult,18-Mar-88,9-Jul-89,Died,4,1,1,*,*,*,*,*,99,,F,6,6,5
574782-MGO,015-74782,<1988,Adult,18-Mar-88,10-Jan-90,Died,4,1,1,*,*,*,*,*,99,,F,3,3,2
574786-RNB,015-74786,<1988,Adult,18-Mar-88,21-May-89,Unknown,,1,1,*,*,*,*,*,99,,F,3,1,0
574794-GRN,015-74794,<1988,Adult,5-Apr-88,10-Dec-89,Died,4,1,1,*,*,*,*,*,99,,F,10,7,5
596664-BBN,015-96664,<1988,Adult,20-Dec-88,21-Dec-93,Died,6,1,1,*,*,*,*,*,99,,F,25,21,14
596746-MMR,015-96746,<1988,Adult,3-Feb-89,13-Sep-92,Died,4,1,1,*,*,*,*,*,99,,F,16,11,7
596747-BWW,015-96747,<1988,Adult,3-Feb-89,22-Nov-90,Died,4,1,1,*,*,*,*,*,99,,F,7,4,2
596762-RYN,015-96762,<1988,Adult,8-Feb-89,14-Jul-92,Died,4,1,1,*,*,*,*,*,99,,F,16,9,6
596825-MWM,015-96825,<1988,Adult,26-Jul-89,9-Aug-94,Died,6,1,1,*,*,*,*,*,99,,F,35,35,23
626727-NOW,016-26727,<1988,Adult,2-Apr-90,6-Sep-92,Died,4,1,1,*,*,*,*,*,99,,F,13,10,6
040000-MNW,200-40000,<1989,Adult,18-Mar-89,4-Feb-90,Died,,1,1,*,*,*,*,*,99,,F,4,4,0
596867-BOW,015-96867,<1989,Adult,3-Nov-89,28-Nov-91,Died,4,1,1,*,*,*,*,*,99,,F,13,13,7
626920-BBB,016-26920,<1989,Adult,10-Sep-91,1-Nov-92,Died,4,1,1,*,*,*,*,*,99,,F,7,1,1
651020-_RM,016-51020,<1989,Adult,15-Jun-89,15-Jun-89,Unknown,1,1,1,*,*,*,*,*,99,,F,3,0,0
626711-MGW,016-26711,<1990,Adult,27-Feb-90,24-Feb-91,Died,4,1,1,*,*,*,*,*,99,,F,0,0,0
626713-NWR,016-26713,<1990,Adult,27-Feb-90,27-Nov-95,Died,6,1,1,*,*,*,*,*,99,,F,10,10,4
626950-WNW,016-26950,<1990,Adult,15-Nov-91,1-Jun-97,Died,6,1,1,*,*,*,*,*,99,,F,34,21,17
696456-GAN,016-96456,<1990,Adult,31-Jan-92,7-Jun-92,Died,4,1,1,*,*,*,*,*,99,,F,7,4,3
696679-OGY,016-96679,<1990,Adult,6-Jan-93,25-Nov-98,Died,6,1,1,*,*,*,*,*,99,,F,23,18,15
626900-NRW,016-26900,<1991,Adult,7-Mar-91,11-Oct-92,Died,4,1,1,*,*,*,*,*,99,,F,3,3,3
626903-MWY,016-26903,<1991,Adult,12-Mar-91,10-Oct-93,Died,4,1,1,*,*,*,*,*,99,,F,9,7,1
626919-BNB,016-26919,<1991,Adult,6-Sep-91,14-Nov-94,Died,4,1,1,*,*,*,*,*,99,,F,16,12,8
626926-OBW,016-26926,<1991,Adult,23-Sep-91,7-Feb-93,Died,4,1,1,*,*,*,*,*,99,,F,0,0,0
696410-OWM,016-96410,<1991,Adult,16-Jan-92,20-Jul-97,Died,6,1,1,*,*,*,*,*,99,,F,22,19,16
696413-WBN,016-96413,<1991,Adult,16-Jan-92,25-Jul-93,Died,4,1,1,*,*,*,*,*,99,,F,7,3,3
696415-RRM,016-96415,<1991,Adult,16-Jan-92,19-Nov-93,Died,4,1,1,*,*,*,*,*,99,,F,6,6,3
696473-NAG,016-96473,<1991,Adult,6-Feb-92,4-Oct-93,Died,4,1,1,*,*,*,*,*,99,,F,7,7,5
696474-AMY,016-96474,<1991,Adult,6-Feb-92,19-Oct-93,Died,4,1,1,*,*,*,*,*,99,,F,0,0,0
696508-NAR,016-96508,<1991,Adult,5-Aug-92,10-Jan-93,Died,4,1,1,*,*,*,*,*,99,,F,4,1,1
696523-BYW,016-96523,<1991,Adult,10-Sep-92,8-Nov-93,Died,4,1,1,*,*,*,*,*,99,,F,3,2,1
725196-MOM,017-25196,<1991,Adult,11-Aug-93,18-Dec-94,Died,4,1,1,*,*,*,*,*,99,,F,8,8,7
696491-BBO,016-96491,<1992,Adult,10-Mar-92,15-Jul-94,Died,4,1,1,*,*,*,*,*,99,,F,8,8,5
696518-brGN,016-96518,<1992,Adult,28-Aug-92,8-Aug-93,Died,4,1,1,*,*,*,*,*,99,,F,6,6,1
696527-YAG,016-96527,<1992,Adult,10-Sep-92,1-Dec-95,Died,4,1,1,*,*,*,*,*,99,,F,14,8,5
696529-YanG,016-96529,<1992,Adult,15-Sep-92,17-Nov-95,Died,4,1,1,*,*,*,*,*,99,,F,12,9,6
696544-wgMB,016-96544,<1992,Adult,24-Sep-92,19-Jul-94,Died,4,1,1,*,*,*,*,*,99,,F,10,10,7
696560-OMW,016-96560,<1992,Adult,23-Oct-92,13-Dec-92,Died,4,1,1,*,*,*,*,*,99,,F,3,3,0
696635-GNR,016-96635,<1992,Adult,23-Dec-92,1-Dec-96,Died,4,1,1,*,*,*,*,*,99,,F,26,23,18
725045-CWA,017-25045,<1992,Adult,13-Jan-93,9-Aug-94,Died,4,1,1,*,*,*,*,*,99,,F,4,4,4
725201-ORG,017-25201,<1992,Adult,26-Aug-93,22-Nov-93,Died,4,1,1,*,*,*,*,*,99,,F,3,2,2
725323-MNB,017-25323,<1992,Adult,25-Nov-93,5-Jun-97,Died,4,1,1,*,*,*,*,*,99,,F,14,12,12
725273-YYB,017-25273,<1993,Adult,9-Nov-93,1-Jul-97,Died,4,1,1,*,*,*,*,*,99,,F,3,3,3
725370-MBG2,017-25370,<1993,Adult,8-Dec-93,17-Dec-93,Died,4,1,1,*,*,*,*,*,99,,F,3,0,0
725390-NNW,017-25390,<1993,Adult,14-Dec-93,23-May-94,Unknown,,1,1,*,*,*,*,*,99,,F,3,3,1
725494-AYW,017-25494,<1993,Adult,7-Jan-94,4-Nov-95,Died,4,1,1,*,*,*,*,*,99,,F,6,4,3
725777-ROB,017-25777,<1993,Adult,25-Jan-95,12-Nov-97,Died,4,1,1,*,*,*,*,*,99,,F,18,18,8
725592-BWG,017-25592,<1994,Adult,9-Sep-94,26-Dec-95,Died,4,1,1,*,*,*,*,*,99,,F,0,0,0
725802-GAW,017-25802,<1994,Adult,12-Apr-95,28-Oct-96,Died,4,1,1,*,*,*,*,*,99,,F,5,1,1
725805-BBM,017-25805,<1994,Adult,24-Aug-95,19-Dec-97,Died,4,1,1,*,*,*,*,*,99,,F,8,8,5
725857-MNG2,017-25857,<1995,Adult,6-Nov-95,7-Nov-95,Died,1,1,1,*,*,*,*,*,99,,F,3,0,0
776404-NRN,017-76404,<1995,Adult,1-Aug-96,27-Jul-98,Died,4,1,1,*,*,*,*,*,99,,F,11,10,10
776786-ROW,017-76786,<1996,Adult,17-Jul-97,17-Nov-97,Died,1,1,1,*,*,*,*,*,99,,F,4,4,4
776781-BNO2,017-76781,<1997,Adult,1-Jul-97,26-Jul-97,Unknown,1,1,1,*,*,*,*,*,99,,F,3,3,2
776796-RNN,017-76796,<1997,Adult,6-Aug-97,11-Dec-00,Died,1,1,1,*,*,*,*,*,99,,F,20,10,6
776859-MGM2,017-76859,<1997,Adult,23-Aug-97,24-Aug-97,Unknown,1,1,1,*,*,*,*,*,99,,F,0,0,0
776860-RGY2,017-76860,<1997,Adult,25-Aug-97,26-Aug-97,Unknown,1,1,1,*,*,*,*,*,99,,F,0,0,0
776863-OYR,017-76863,<1997,Adult,28-Aug-97,1-Nov-97,Died,1,1,1,*,*,*,*,*,99,,F,0,0,0
776867-OGM2,017-76867,<1997,Adult,29-Aug-97,30-Aug-97,Unknown,1,1,1,*,*,*,*,*,99,,F,0,0,0
779781-BWR2,017-79781,<1997,Adult,30-Aug-97,11-Sep-97,Unknown,1,1,1,*,*,*,*,*,99,,F,1,0,0
803915-NBG2,018-03915,<1997,Adult,24-Oct-97,25-Oct-97,Unknown,1,1,1,*,*,*,*,*,99,,F,3,0,0
804190-YYR2,018-04190,<1997,Adult,5-Feb-98,6-Feb-98,Unknown,1,1,1,*,*,*,*,*,99,,F,0,0,0
804206-WGO2,018-04206,<1997,Adult,18-Feb-98,19-Feb-98,Unknown,1,1,1,*,*,*,*,*,99,,F,2,2,2
804211-GYB,018-04211,<1998,Adult,18-Mar-98,22-Aug-99,Died,4,1,1,*,*,*,*,*,99,,F,3,3,2
804225-NBM,018-04225,<1998,Adult,26-Aug-98,6-Jul-06,Died,6,1,1,*,*,*,*,*,99,,F,25,13,6
832224-MAM,018-32224,<1998,Adult,11-Jun-99,30-May-03,Died,1,1,1,*,*,*,*,*,99,,F,33,15,7
832154-WRY,018-32154,<1999,Juvenile,5-Feb-99,22-Dec-00,Died,4,1,1,*,*,*,*,*,99,,F,0,0,0
832201-AAB2,018-32201,<1999,Adult,7-May-99,7-Jan-00,Died,4,1,1,*,*,*,*,*,99,,F,3,3,2
832202-GAA,018-32202,<1999,Adult,12-May-99,11-Jun-02,Died,4,1,1,*,*,*,*,*,99,,F,10,10,5
832557-MBA,018-32557,<1999,Adult,24-May-00,1-Jul-02,Died,4,1,1,*,*,*,*,*,99,,F,8,5,4
832566-MGA2,018-32566,<2000,Adult,25-Jul-00,21-May-01,Died,4,1,1,*,*,*,*,*,99,,F,0,0,0
832800-BGA,018-32800,<2000,Adult,22-Dec-00,14-Sep-01,Unknown,,1,1,*,*,*,*,*,99,,F,3,3,2
832949-ORA,018-32949,<2001,Adult,29-Mar-01,18-Aug-04,Died,4,1,1,*,*,*,*,*,99,,F,7,7,7
832980-YYA,018-32980,<2001,Adult,5-Oct-01,10-Nov-02,Died,4,1,1,*,*,*,*,*,99,,F,0,0,0
833066-RAG,018-33066,<2001,Adult,11-Jan-02,2-Feb-04,Died,4,1,1,*,*,*,*,*,99,,F,5,3,0
833755-RON,018-33755,<2003,Adult,14-Nov-03,5-Feb-04,Unknown,,1,1,*,*,*,*,*,99,,F,7,7,3
898039-YAN,018-98039,<2003,Adult,10-Dec-03,30-Oct-04,Died,4,1,1,*,*,*,*,*,99,,F,11,4,2
898252-OAG,018-98252,<2003,Adult,8-Jan-04,15-May-08,Unknown,1,1,1,*,*,*,*,*,99,,F,6,3,1
898316-WMA,018-98316,<2003,Adult,4-Feb-04,19-Jul-04,Died,4,1,1,*,*,*,*,*,99,,F,3,3,2
898295-WGA,018-98295,<2004,Adult,28-Jan-04,26-Nov-04,Died,4,1,1,*,*,*,*,*,99,,F,2,2,2
898574-YRB,018-98574,<2004,Adult,13-Dec-04,1-Mar-07,Unknown,,1,1,*,*,*,*,*,99,,F,12,12,8
899213-YAW,018-99213,<2005,Adult,16-Jan-06,12-Feb-06,Died,4,1,1,*,*,*,*,*,99,,F,3,3,3
899288-AWO,018-99288,<2006,Adult,21-Sep-06,23-Feb-08,Died,4,1,1,*,*,*,*,*,99,,F,14,12,0
899310-ARO,018-99310,<2006,Adult,24-Oct-06,22-Dec-06,Died,4,1,1,*,*,*,*,*,99,,F,3,0,0
899660-BYA,018-99660,<2008,Adult,20-Dec-07,2-Nov-09,Died,4,1,1,*,*,*,*,*,99,,F,13,8,6
981986-BNO,019-81986,<2009,Adult,23-Nov-09,12-Aug-11,Died,4,1,1,*,*,*,*,*,99,,F,6,6,5
982120-RNO3,019-82120,<2010,Juvenile,13-Jan-10,10-May-10,Died,2,1,1,*,*,*,*,*,99,,F,0,0,0
982214-AAY,019-82214,<2010,Adult,20-Oct-10,30-Oct-10,Unknown,,1,1,*,*,*,*,*,99,,F,3,3,0
982662-AOG,019-82662,<2011,Adult,6-Oct-11,10-May-12,Died,2,1,1,*,*,*,*,*,99,,F,3,3,1
982728-RRO,019-82728,<2011,Adult,18-Nov-11,16-Apr-12,Unknown,,1,1,*,*,*,*,*,99,,F,0,0,0
A30014-YNA,01A-30014,<2012,Adult,13-Feb-12,10-Sep-16,Died,2,1,1,*,*,*,*,*,99,,F,18,15,8
A30022-BMW,01A-30022,<2012,Adult,2-Mar-12,11-Jun-12,Died,2,1,1,*,*,*,*,*,99,,F,3,0,0
A30070-WGM,01A-30070,<2012,Adult,31-Oct-12,5-Jun-13,Died,2,1,1,*,*,*,*,*,99,,F,3,3,3
A30343-WMO,01A-30343,<2012,Adult,22-May-13,1-Dec-14,Died,2,1,1,*,*,*,*,*,99,,F,3,3,2
A30347-BGR,01A-30347,<2012,Adult,16-Oct-13,12-Dec-14,Died,2,1,1,*,*,*,*,*,99,,F,9,7,1
A30359-ONY,01A-30359,<2012,Adult,30-Oct-13,27-Oct-14,Died,2,1,1,*,*,*,*,*,99,,F,6,0,0
A30467-NNG,01A-30467,<2013,Adult,4-Dec-13,12-Jan-14,Unknown,,1,1,*,*,*,*,*,99,,F,3,3,2
A58394-NOA,01A-58394,<2013,Adult,12-Feb-15,24-Jul-15,Died,2,1,1,*,*,*,*,*,99,,F,0,0,0
A58231-MRR,01A-58231,<2014,Adult,12-Dec-14,21-Aug-15,Unknown,,1,1,*,*,*,*,*,99,,F,4,0,0
A58382-GNW,01A-58382,<2014,Adult,4-Feb-15,2-Jul-15,Died,2,1,1,*,*,*,*,*,99,,F,6,3,0
A58495-sBrg,01A-58495,<2015,Adult,20-Nov-15,25-Feb-18,Died,2,1,1,*,*,*,*,*,99,,F,24,24,6
A58672-jOwr,01A-58672,<2015,Adult,18-Dec-15,25-Jun-16,Unknown,,1,1,*,*,*,*,*,99,,F,3,3,1
A58576-hRNwr,01A-58576,<2016,Adult,22-Nov-16,7-Feb-18,Died,2,1,1,*,*,*,*,*,99,,F,14,6,2
A59057-zNgr,01A-59057,<2016,Adult,17-Nov-17,,Living,,1,1,*,*,*,*,,99,,F,8,8,5
A59066-zMrn,01A-59066,<2017,Adult,11-Jan-18,,Living,1,1,1,*,*,*,*,,99,,F,3,0,0
A59363-sGo,01A-59363,<2017,Adult,21-Nov-18,,Living,,1,1,,,,,,99,,F,10,8,4
A59368-sYn,01A-59368,<2017,Adult,21-Jan-19,,Living,,1,1,*,,*,,,99,,F,6,0,0
A59370-sYa,01A-59370,<2017,Adult,6-Feb-19,10-May-19,Died,,1,1,*,,*,,,99,,F,3,3,3
A59366-sNRq,01A-59366,<2018,Adult,30-Nov-18,,Living,,1,1,*,,*,,*,,*,F,2,2,2
